topic_num,topic_label_yt,topic_label_rd,keywords_yt,keywords_rd,topic_count_yt,topic_count_rd,is_youtube,is_reddit,similarity_score,youtube_View Count,youtube_Like Count,youtube_Comment Count,youtube_View Velocity (Views/Hour),youtube_Like Velocity (Likes/Hour),youtube_Comment Velocity (Comments/Hour),youtube_Like-to-View Ratio (%),reddit_ups,reddit_score,reddit_num_comments,reddit_total_awards_received,reddit_Upvote Velocity (Upvotes/Hour),reddit_Comment Velocity (Comments/Hour),reddit_Upvote-to-View Ratio (%),reddit_Upvote Ratio (%)
YT0,England Cricket Highlights,,"england, cricket, highlight, volleyball, team, day, india, ecb, world, ytv",,19,0,1,0,0.0,30965829.0,948078.0,69853.0,281529.95,9894.98,708.55,83.46,0.0,0.0,0.0,0.0,0.0,0.0,0.0,0.0
YT1,Shane Dawsons Online Presence,,"shane, patreon, instagram, youtu, seatgeek, rylandadams, mom, shanedawson, morgan, vickiadams",,5,0,1,0,0.0,1173798.0,55557.0,4896.0,42271.52,2255.99,193.96,22.89,0.0,0.0,0.0,0.0,0.0,0.0,0.0,0.0
YT2,Shoreline Mafia Social Media,,"wright, shorelinemafia, shoreline, twitter, whatswrightshow, mafia, instagram, facebook, nick, nba",,9,0,1,0,0.0,3108543.0,180780.0,7625.0,31508.339999999997,1789.29,79.57,40.66,0.0,0.0,0.0,0.0,0.0,0.0,0.0,0.0
YT3,Sports Entertainment,,"espn, botafogo, youtube, ufc, app, pimblett, paddy, topuria, ilium, first",,7,0,1,0,0.0,15478920.0,192792.0,35212.0,383803.12,3689.1400000000003,888.35,19.44,0.0,0.0,0.0,0.0,0.0,0.0,0.0,0.0
YT4,Tokyo TikTok Rage,,"brainrot, roblox, ich, rage, girl, steal, japan, tokyo, tiktok, bin",,15,0,1,0,0.0,9295388.0,164192.0,14308.0,176842.21,2652.42,266.63,35.2,0.0,0.0,0.0,0.0,0.0,0.0,0.0,0.0
YT5,Social Media Influence,,"coach, wall, mrbeast, tyler, twitter, instagram, facebook, heart, start, family",,10,0,1,0,0.0,744491956.0,27639622.0,457535.0,3428143.33,128600.65,2218.27,49.78,0.0,0.0,0.0,0.0,0.0,0.0,0.0,0.0
YT6,Minecraft Influencers,,"youtube, minecraft, ldshadowlady, instagram, smp, misadventure, smallishbeans, parrotx, unstable, twitter",,13,0,1,0,0.0,6793477.0,330238.0,33326.0,119943.59,5661.92,607.47,65.3,0.0,0.0,0.0,0.0,0.0,0.0,0.0,0.0
YT7,Enchanted Sims,,"sims, fairy, nature, pack, enchanted, expansion, game, sim, ailment, skill",,6,0,1,0,0.0,5371302.0,148542.0,19806.0,38208.34,1409.13,150.99,32.97,0.0,0.0,0.0,0.0,0.0,0.0,0.0,0.0
YT8,Social Media Convergence,,"sun, twitter, instagram, gero, suntv, merge, midas, nxt, serial, youtube",,8,0,1,0,0.0,5689611.0,323671.0,17704.0,129187.82,6197.3099999999995,257.18,45.94,0.0,0.0,0.0,0.0,0.0,0.0,0.0,0.0
YT9,Social Media Presence,,"instagram, facebook, official, twitter, divomovies, babymonster, igshid, divo, digital, gmail",,4,0,1,0,0.0,4913673.0,406941.0,8860.0,77075.37000000001,5783.38,90.24,36.34,0.0,0.0,0.0,0.0,0.0,0.0,0.0,0.0
YT10,Mystery Game Secrets,,"game, season, explained, squid, mimic, secret, ending, death, story, give",,10,0,1,0,0.0,9935692.0,313329.0,23737.0,303460.75,12835.509999999998,502.52,28.150000000000002,0.0,0.0,0.0,0.0,0.0,0.0,0.0,0.0
YT11,Roblox Animation,,"sprunki, content, roblox, „Çµ„Çµ„É≥„Ç™„Éº„É´„Çπ„Çø„Éº„Çπ, tvcm„ÇΩ„É≥„ÇØ, join, youtube, thank, much, animation",,7,0,1,0,0.0,1388383.0,29586.0,2134.0,19427.170000000002,400.18,36.65,17.96,0.0,0.0,0.0,0.0,0.0,0.0,0.0,0.0
YT12,Blackpinks Next Move,,"ich, blackpink, mal, berg, andrea, dann, dir, nachstes, dich, nein",,10,0,1,0,0.0,33172621.0,4935827.0,320046.0,305305.12,44300.47,2857.31,129.0,0.0,0.0,0.0,0.0,0.0,0.0,0.0,0.0
YT13,Social Media Fun,,"instagram, official, gta, tiktok, funk, facebook, youtube, play, name, twitter",,4,0,1,0,0.0,16625400.0,216220.0,15761.0,163679.08,2944.5699999999997,225.51,10.399999999999999,0.0,0.0,0.0,0.0,0.0,0.0,0.0,0.0
YT14,Virtual Simulation,,"simulator, edited, supermarket, minegirl, full, game, app, steampowered, edge, part",,6,0,1,0,0.0,7362990.0,364740.0,24019.0,107514.66,5487.99,363.47,25.580000000000002,0.0,0.0,0.0,0.0,0.0,0.0,0.0,0.0
YT15,Car Stories,,"vinwiki, car, trek, instagram, episode, ticket, que, hey, jump, sŒ±y",,10,0,1,0,0.0,7368319.0,258927.0,24159.0,56381.54,1917.4299999999998,187.73,39.25,0.0,0.0,0.0,0.0,0.0,0.0,0.0,0.0
YT16,Social Media Music Production,,"cornejo, producer, instagram, facebook, youtube, music, production, esportes, ivan, smith",,5,0,1,0,0.0,5694022.0,247885.0,33571.0,127313.81,5466.26,943.47,19.86,0.0,0.0,0.0,0.0,0.0,0.0,0.0,0.0
YT17,MasterChef Brasil,,"temp, mc_br_t, masterchef, brasil, mc_pro_t, que, sem, qualquer, uso, canal",,9,0,1,0,0.0,6082048.0,161362.0,10587.0,62639.35,2000.97,126.71,30.62,0.0,0.0,0.0,0.0,0.0,0.0,0.0,0.0
YT18,Deep Football,,"youtube, football, player, deep, program, criatura, voce, portal, college, cement",,2,0,1,0,0.0,2552911.0,46964.0,7050.0,15438.1,290.72,46.199999999999996,4.46,0.0,0.0,0.0,0.0,0.0,0.0,0.0,0.0
YT19,Street Fighter Social Media,,"streetfighter, sagat, facebook, teaser, twitter, instagram, discord, street, capcom, twitch",,10,0,1,0,0.0,12106065.0,869921.0,63924.0,74949.43,4338.11,336.81,58.760000000000005,0.0,0.0,0.0,0.0,0.0,0.0,0.0,0.0
YT20,Social Media Growth,,"instagram, electric, roblox, power, group, got, discord, garden, join, grow",,11,0,1,0,0.0,17912630.0,350075.0,25562.0,177961.27000000002,2739.2999999999997,215.74,18.88,0.0,0.0,0.0,0.0,0.0,0.0,0.0,0.0
YT21,Kehlanis Music Journey,,"kehlani, music, official, album, award, best, way, folded, lnk, atlantic",,4,0,1,0,0.0,3292736.0,221116.0,15572.0,33599.36,2256.2799999999997,158.88,26.88,0.0,0.0,0.0,0.0,0.0,0.0,0.0,0.0
YT22,Anime Music,,"music, ÈñÉÂÖâ„ÅÆ„Éè„Çµ„Ç¶„Çß„Ç§, Ê©üÂãïÊà¶Â£´„Ç´„É≥„Çø„É†, doido, ronaldo, gilmar, panda, humberto, icaro, gundam",,5,0,1,0,0.0,3494827.0,101569.0,6015.0,34929.36,862.92,55.36,23.689999999999998,0.0,0.0,0.0,0.0,0.0,0.0,0.0,0.0
YT23,Pokemon Gaming,,"pokemon, game, redmagic, youtube, instagram, best, patreon, pseudo, legendary, air",,4,0,1,0,0.0,2059492.0,66895.0,3861.0,12846.7,426.32,25.38,13.77,0.0,0.0,0.0,0.0,0.0,0.0,0.0,0.0
YT24,Innovative Camp,,"crunchlabs, camp, revolut, challenge, join, build, week, parent, prize, rule",,13,0,1,0,0.0,5663228.0,253597.0,13782.0,101523.26,4679.1900000000005,259.9,61.91,0.0,0.0,0.0,0.0,0.0,0.0,0.0,0.0
YT26,Hot Chelsea Cup,,"cup, club, chelsea, hot, one, league, youtube, world, bgx, plx",,8,0,1,0,0.0,11977970.0,364951.0,36934.0,207920.64,6512.84,679.88,25.2,0.0,0.0,0.0,0.0,0.0,0.0,0.0,0.0
YT27,Clash Royale Battles,,"battle, card, que, clan, clashroyale, arena, ela, deck, player, clash",,11,0,1,0,0.0,5593930.0,94117.0,7241.0,106647.8,1804.84,145.28,17.34,0.0,0.0,0.0,0.0,0.0,0.0,0.0,0.0
YT28,Online Entertainment,,"youtube, roblox, dazn, robros, dora, teja, sai, viraajitha, bhk, series",,1,0,1,0,0.0,740845.0,11077.0,1929.0,6859.68,102.56,17.86,1.5,0.0,0.0,0.0,0.0,0.0,0.0,0.0,0.0
YT29,Social Media Platforms,,"instagram, twitter, youtube, tiktok, ÊúùÂÄâÊú™Êù•, amazon, apps, asakuramikuruyt, mikuruasakura, „ÅØ„Åì„Å°„Çâ",,8,0,1,0,0.0,26005376.0,857352.0,47564.0,183626.96000000002,6392.530000000001,354.08,33.56,0.0,0.0,0.0,0.0,0.0,0.0,0.0,0.0
YT30,Bigtime Park Games,,"park, bigtime, note, starr, trophy, road, game, semi, release, head",,4,0,1,0,0.0,5242022.0,130054.0,15436.0,39320.229999999996,1097.8799999999999,135.54,7.41,0.0,0.0,0.0,0.0,0.0,0.0,0.0,0.0
YT31,Haryanvi Bhole Songs,,"song, nao, que, music, pra, gulshan, bholi, haryanvi, bhole, payal",,8,0,1,0,0.0,4222918.0,182209.0,17778.0,28714.940000000002,1093.78,111.13,28.599999999999998,0.0,0.0,0.0,0.0,0.0,0.0,0.0,0.0
YT32,Social Media Influence,,"jade, instagram, socialsay, tiktok, claim, ‰πÉÊú®ÂùÇ, number, fee, lnk, youtube",,8,0,1,0,0.0,6517714.0,166621.0,4948.0,156465.13,3694.73,68.69,17.8,0.0,0.0,0.0,0.0,0.0,0.0,0.0,0.0
YT33,Parintins Festival,,"noite, joao, vivo, sao, festival, arrow, bow, parintins, boi, critica",,3,0,1,0,0.0,13289010.0,118498.0,3330.0,201776.22,1830.77,46.22,2.46,0.0,0.0,0.0,0.0,0.0,0.0,0.0,0.0
YT34,Taarak Mehtas Gada Family,,"mehta, taarak, jethalal, chashmah, ooltah, gada, singh, tapu, modi, champaklal",,10,0,1,0,0.0,57816678.0,2435216.0,70194.0,467163.22000000003,19600.04,568.06,35.8,0.0,0.0,0.0,0.0,0.0,0.0,0.0,0.0
YT35,Music Production,,"anirudh, music, assistant, coolie, kumar, designer, ravichander, associate, sound, light",,15,0,1,0,0.0,41734672.0,1508716.0,176257.0,437254.61,16104.37,1943.69,56.46,0.0,0.0,0.0,0.0,0.0,0.0,0.0,0.0
YT36,Donation Day,,"day, state, youtu, donate, mai, hai, jhim, say, aankha, production",,7,0,1,0,0.0,3603614.0,79402.0,6218.0,71572.23999999999,1206.19,116.22999999999999,14.51,0.0,0.0,0.0,0.0,0.0,0.0,0.0,0.0
YT37,Social Media Racing,,"nascar, cake, pan, fake, youtu, lap, weekend, instagram, tiktok, facebook",,3,0,1,0,0.0,814356.0,46440.0,2704.0,7519.05,610.88,29.4,19.01,0.0,0.0,0.0,0.0,0.0,0.0,0.0,0.0
YT38,Focaccia Recipes,,"und, mit, focaccia, callekocht, ist, palworld, hier, oder, auch, der",,19,0,1,0,0.0,208108248.0,7686043.0,480345.0,2420144.45,88858.26,5607.5199999999995,77.21000000000001,0.0,0.0,0.0,0.0,0.0,0.0,0.0,0.0
YT39,aespas Digital World,,"aespa, dirty, work, ÏóêÏä§Ìåå, aespa_official, flamefrags, instagram, minecraft, official, youtube",,8,0,1,0,0.0,14636460.0,346432.0,15821.0,281859.79000000004,5237.55,132.65,22.79,0.0,0.0,0.0,0.0,0.0,0.0,0.0,0.0
YT40,Cardi Bs YouTube Presence,,"cardi, cardib, youtube, john, production, iamcardib, official, lastweektonight, lnk, outside",,13,0,1,0,0.0,28314215.0,683769.0,12532.0,351895.66,8007.69,134.92000000000002,41.46,0.0,0.0,0.0,0.0,0.0,0.0,0.0,0.0
YT41,Social Media Music,,"youtube, zee, ishowspeed, instagram, song, youtu, join, music, barot, rakesh",,2,0,1,0,0.0,10077308.0,397269.0,37284.0,47171.66,1886.08,176.07,10.120000000000001,0.0,0.0,0.0,0.0,0.0,0.0,0.0,0.0
YT42,Power of Love,,"poder, amor, teu, sarah, beatriz, musile, que, power, love, pelo",,7,0,1,0,0.0,37529414.0,842819.0,51998.0,758496.97,17070.9,1057.15,15.74,0.0,0.0,0.0,0.0,0.0,0.0,0.0,0.0
YT43,Social Media Cooking,,"nick, feastables, digiovanni, instagram, youtube, chef, thanks, custom, partner, mrbeast",,15,0,1,0,0.0,23727099.0,323935.0,30528.0,424941.58999999997,5787.65,562.3,22.240000000000002,0.0,0.0,0.0,0.0,0.0,0.0,0.0,0.0
YT44,Football Championships,,"dazn, fifa, cup, world, club, league, sport, football, xxl, champion",,7,0,1,0,0.0,2617938.0,194884.0,7519.0,36764.89,2770.8,108.13,50.76,0.0,0.0,0.0,0.0,0.0,0.0,0.0,0.0
YT45,Minecraft Gaming,,"halle, minecraft, und, dortmund, die, fur, auf, game, ihr, oldtimer",,18,0,1,0,0.0,107756310.0,1159687.0,70127.0,1459771.06,15655.35,946.6700000000001,21.86,0.0,0.0,0.0,0.0,0.0,0.0,0.0,0.0
YT46,Roblox Band Merch,,"bandites, roblox, pro, discord, using, group, music, code, software, merch",,3,0,1,0,0.0,494609.0,12123.0,2413.0,5228.389999999999,124.53,21.48,7.65,0.0,0.0,0.0,0.0,0.0,0.0,0.0,0.0
YT47,NRGKICK on YouTube,,"die, youtube, nrgkick, ihr, und, ist, mit, aral, hier, donos",,8,0,1,0,0.0,9106972.0,285501.0,14173.0,46983.36,1429.6,72.33,32.21,0.0,0.0,0.0,0.0,0.0,0.0,0.0,0.0
YT48,Social Media Personalities,,"instagram, que, twitter, felipe, meu, vivo, rodrigues, por, nao, centralcee",,2,0,1,0,0.0,1652698.0,19206.0,3653.0,31413.14,395.94,80.81,2.4699999999999998,0.0,0.0,0.0,0.0,0.0,0.0,0.0,0.0
YT49,Social Media Influencers,,"tiktok, instagram, luv, volbic_xx, mei_asami_, twitter, uran, tokio, ÊµÖË¶ã„ÇÅ„ÅÑ, crazymagnet",,8,0,1,0,0.0,11449473.0,405715.0,32975.0,175655.81,6470.78,438.49,27.7,0.0,0.0,0.0,0.0,0.0,0.0,0.0,0.0
YT50,Telugu Movie Reviews,,"movie, kannappa, review, telugu, vishnu, manchu, prabhas, taspio, youtu, instagram",,7,0,1,0,0.0,2169645.0,107335.0,8100.0,28581.100000000002,1165.07,88.41,40.33,0.0,0.0,0.0,0.0,0.0,0.0,0.0,0.0
YT51,Social Media Music,,"instagram, ian, music, thefatrat, official, listen, shut, tinyurl, ffm, tiktok",,4,0,1,0,0.0,69449212.0,1886340.0,96462.0,337722.5,8887.82,489.26,7.74,0.0,0.0,0.0,0.0,0.0,0.0,0.0,0.0
YT52,Iranian Missile Production,,"iran, state, anirudh, vijay, bbc, qatar, thalapathy, production, missile, ravichander",,1,0,1,0,0.0,242928.0,9006.0,1294.0,1943.42,72.05,10.35,3.71,0.0,0.0,0.0,0.0,0.0,0.0,0.0,0.0
YT53,Music Influencers,,"youtube, „Éí„É´„Éà, pinfluences, symphonygenshin, music, join, ijfhrpxb_jt, mgzmjgva, dvp, Ê∫∂Â≤©„ÅÆÈæçÂÉè",,5,0,1,0,0.0,3973093.0,156596.0,8128.0,44134.53,1984.74,100.38,21.259999999999998,0.0,0.0,0.0,0.0,0.0,0.0,0.0,0.0
YT54,Road Love,,"highway, bigxthaplug, road, shaboozey, take, minute, feat, love, swear, long",,6,0,1,0,0.0,3440391.0,154593.0,8567.0,21616.1,943.3699999999999,55.36,26.94,0.0,0.0,0.0,0.0,0.0,0.0,0.0,0.0
YT55,Social Media Influencers,,"papaplatte, instagram, twitter, ira, israel, onerb, cessar, trump, fogo, creativesquad",,9,0,1,0,0.0,9301485.0,556658.0,43380.0,104746.75000000001,6431.99,483.90999999999997,59.35,0.0,0.0,0.0,0.0,0.0,0.0,0.0,0.0
YT56,Surviving Love,,"survive, lewiscapaldi, god, swear, gonna, sometimes, last, long, got, give",,5,0,1,0,0.0,3934738.0,75084.0,3106.0,32275.489999999998,468.51,24.240000000000002,9.61,0.0,0.0,0.0,0.0,0.0,0.0,0.0,0.0
YT57,Social Media Influencers,,"instagram, youtube, twitter, rof, dmax, nijisanji, panther, tiktok, Êóßtwitter, ÂÄã‰∫∫„ÉÅ„É£„É≥„Éç„É´",,7,0,1,0,0.0,7544942.0,292812.0,18728.0,64722.81999999999,2932.82,178.47,23.28,0.0,0.0,0.0,0.0,0.0,0.0,0.0,0.0
YT58,Social Media Trends,,"instagram, tiktok, youtube, nrl, marouge, cano, natanael, totsuzen_uranai, tver, „Åï„Çâ„Å´",,6,0,1,0,0.0,53480731.0,3626902.0,176568.0,216706.18,14791.08,760.65,45.18,0.0,0.0,0.0,0.0,0.0,0.0,0.0,0.0
YT59,Katseye Productions,,"katseye, smash, director, lnk, youtube, gabriela, katseyeworld, andrew, production, official",,9,0,1,0,0.0,4816707.0,130865.0,10811.0,84415.2,2153.33,194.3,37.52,0.0,0.0,0.0,0.0,0.0,0.0,0.0,0.0
YT60,Gaming Hotels,,"hotel, plus, playstation, instagram, julho, fighter, galleria, „Éà„Ç∑„É£„Éº„Çπ, youtube, jogos",,3,0,1,0,0.0,2628783.0,50148.0,3957.0,47067.53,1057.35,86.07,9.31,0.0,0.0,0.0,0.0,0.0,0.0,0.0,0.0
YT61,Social Media Influencers,,"twitter, instagram, facebook, youtube, spotvnow_jp, divo, ŸÉÿ™ÿ®Ÿà, ŸÅŸäŸÉŸä, wael, waelkfoury",,10,0,1,0,0.0,44612877.0,2543977.0,97631.0,841468.59,48102.74,1830.35,59.46,0.0,0.0,0.0,0.0,0.0,0.0,0.0,0.0
YT62,Demon Slayer Saga,,"demon, hashira, slayer, corp, tanjiro, crunchyroll, castle, infinity, battle, movie",,9,0,1,0,0.0,8188588.0,673840.0,49233.0,182397.31,17163.55,1270.09,70.86,0.0,0.0,0.0,0.0,0.0,0.0,0.0,0.0
YT63,Social Media Influencers,,"honkaistarrail, tiktok, instagram, phainon, hoyolab, discord, facebook, reddit, light, crown",,9,0,1,0,0.0,39792995.0,1159956.0,42524.0,358018.14,10052.24,381.53000000000003,20.599999999999998,0.0,0.0,0.0,0.0,0.0,0.0,0.0,0.0
YT64,Idol Culture,,"idol, one, cuz, clip, keeping, listen, know, save, wild, imma",,2,0,1,0,0.0,654026.0,3839.0,367.0,8922.23,56.03,5.54,1.37,0.0,0.0,0.0,0.0,0.0,0.0,0.0,0.0
YT65,Morning Lunch Routine,,"lunch, pressure, stainless, steel, box, morning, theindusvalley, vlog, product, routine",,10,0,1,0,0.0,13005674.0,713331.0,39364.0,90455.44,6991.049999999999,414.16,82.28,0.0,0.0,0.0,0.0,0.0,0.0,0.0,0.0
YT66,Stray Kids Love,,"hyunjin, official, lnk, love, deadline, featuring, always, kid, stray, instagram",,1,0,1,0,0.0,101729.0,6180.0,436.0,2825.81,171.67,12.11,6.07,0.0,0.0,0.0,0.0,0.0,0.0,0.0,0.0
YT67,Mercedes AMG Turbo,,"amg, sowie, bei, turbo, wir, auf, mercedes, der, und, dem",,13,0,1,0,0.0,11489819.0,446848.0,9417.0,344983.09,14424.59,282.46000000000004,51.65,0.0,0.0,0.0,0.0,0.0,0.0,0.0,0.0
YT68,Savings App,,"scump, app, cash, twitter, saving, bank, scuf, code, provided, interest",,7,0,1,0,0.0,3023989.0,177465.0,10769.0,26479.19,1732.58,106.42,38.25,0.0,0.0,0.0,0.0,0.0,0.0,0.0,0.0
YT69,Colorful Performances,,"color, talent, got, show, lnk, clipse, stage, youtube, music, list",,10,0,1,0,0.0,25395829.0,672851.0,66860.0,189013.19,4188.17,420.04999999999995,22.89,0.0,0.0,0.0,0.0,0.0,0.0,0.0,0.0
YT70,Social Media Myths,,"heart, instagram, que, nao, myth, mario, facebook, twitter, mediamasons, scary",,7,0,1,0,0.0,12111401.0,130443.0,16640.0,194364.12,1823.77,255.04,9.55,0.0,0.0,0.0,0.0,0.0,0.0,0.0,0.0
YT71,Venus Flytrap Merch,,"venus, thanks, also, fly, flytrap, tested, black, widow, youtube, merch",,11,0,1,0,0.0,5910539.0,173465.0,10919.0,31499.42,928.07,63.5,34.83,0.0,0.0,0.0,0.0,0.0,0.0,0.0,0.0
YT72,Social Media Influencers,,"instagram, youtube, twitter, tiktok, joe, overwatch, twitch, hana, acelerados, facebook",,12,0,1,0,0.0,7960622.0,160070.0,10794.0,182646.04,3336.29,266.41,24.31,0.0,0.0,0.0,0.0,0.0,0.0,0.0,0.0
YT73,Chelsea Football Club,,"club, cup, chelsea, youtube, league, world, plx, bgx, list, uefa",,7,0,1,0,0.0,9677906.0,498574.0,17375.0,361233.87,17963.45,640.78,39.75,0.0,0.0,0.0,0.0,0.0,0.0,0.0,0.0
YT74,Budget Car Shopping,,"car, rsc, shopping, budget, beta, tool, hwbt, salvage, making, veigh",,13,0,1,0,0.0,11927994.0,499973.0,25079.0,400698.46,17457.739999999998,889.08,53.48,0.0,0.0,0.0,0.0,0.0,0.0,0.0,0.0
YT75,Teen Social Media Dare,,"jesse, westengw, code, jessejameswest, instagram, snapchat, dare, game, vogue, teen",,15,0,1,0,0.0,101542922.0,2930170.0,81438.0,655452.02,20501.8,576.96,74.9,0.0,0.0,0.0,0.0,0.0,0.0,0.0,0.0
YT76,K-Pop Demons,,"demon, kpop, hunter, sony, sonyanimation, animation, official, kim, dontoliver, produced",,5,0,1,0,0.0,1766682.0,108309.0,2944.0,16969.61,1039.27,28.650000000000002,29.85,0.0,0.0,0.0,0.0,0.0,0.0,0.0,0.0
YT77,Tokyo Host Culture,,"„Åà„Åµ„Çä„Å¶„ÅÑ„Éõ„Çπ„Éà, È¨ºÈæçÈô¢Áøî, „Åì„Å®„ÅÜ„Å´„ÇÇ, „Åà„Åµ„Çä„Å¶„ÅÑ„Éõ„Çπ„ÉàË£Ω‰ΩúÂßîÂì°‰ºö, ebuhosu_anime, tokyo, everydayhost, „Åà„Åµ„Éõ„Çπplayers, mundial, line",,10,0,1,0,0.0,13044741.0,599057.0,35283.0,302893.61,11427.630000000001,852.87,46.43,0.0,0.0,0.0,0.0,0.0,0.0,0.0,0.0
YT78,Star Reaction,,"instagram, honkaistarrail, lord, ravager, code, much, twitter, trailer, reaction, star",,16,0,1,0,0.0,96360932.0,2229342.0,59586.0,2485692.28,55369.12,1704.0,35.28,0.0,0.0,0.0,0.0,0.0,0.0,0.0,0.0
YT79,Social Media Race,,"formula, mrbeast, facebook, instagram, twitter, race, discord, win, dramatic, early",,19,0,1,0,0.0,14691834.0,492606.0,110896.0,348266.11,10957.619999999999,3897.85,66.62,0.0,0.0,0.0,0.0,0.0,0.0,0.0,0.0
YT80,Social Media Influencers,,"instagram, youtube, tiktok, cdl, twitter, codleague, claim, emi, straight, lovecommanectar",,7,0,1,0,0.0,13146914.0,241194.0,19883.0,97783.88,2176.24,170.77,24.29,0.0,0.0,0.0,0.0,0.0,0.0,0.0,0.0
YT81,Social Media News,,"instagram, die, mlb, facebook, youtube, twitter, theflightmike, hier, mit, dem",,10,0,1,0,0.0,4957069.0,149554.0,12481.0,53695.8,1550.19,112.11,29.54,0.0,0.0,0.0,0.0,0.0,0.0,0.0,0.0
YT82,YouTube Producer,,"youtube, list, plmjupo, bjw, producer, twitter, kaha, first, trailer, erik",,12,0,1,0,0.0,8276302.0,473730.0,30132.0,80521.09,4183.3099999999995,260.75,65.64999999999999,0.0,0.0,0.0,0.0,0.0,0.0,0.0,0.0
YT83,Social Media Love,,"dougdoug, girl, laufey, youtube, twitter, lover, love, edited, plztxt, list",,6,0,1,0,0.0,4701397.0,43399.0,4444.0,66419.51,602.83,59.8,6.16,0.0,0.0,0.0,0.0,0.0,0.0,0.0,0.0
YT84,Social Media Culture,,"instagram, worldathletics, sprunki, tiktok, city, eater, nature, gametoons, gray, factory",,4,0,1,0,0.0,2073636.0,35271.0,1966.0,16156.66,522.73,28.66,14.11,0.0,0.0,0.0,0.0,0.0,0.0,0.0,0.0
YT85,Top Talent Auditions,,"talent, audition, top, agt, got, last, american, idol, show, piece",,9,0,1,0,0.0,16771478.0,826811.0,31849.0,123155.23999999999,5985.71,229.64,43.98,0.0,0.0,0.0,0.0,0.0,0.0,0.0,0.0
YT86,Famous Dance Project,,"allday_project, project, allday, famous, alldayproject, dance, practice, youtube, facebook, instagram",,21,0,1,0,0.0,25975916.0,776909.0,47321.0,252354.0,7763.84,419.47,70.49,0.0,0.0,0.0,0.0,0.0,0.0,0.0,0.0
YT87,Social Media Influencers,,"instagram, youtube, mancity, city, twitter, cup, group, tiktok, haaland, guy",,2,0,1,0,0.0,710282.0,15157.0,2277.0,11116.349999999999,303.56,56.19,4.53,0.0,0.0,0.0,0.0,0.0,0.0,0.0,0.0
YT88,Social Media Marketing,,"ringlife, code, rabatt, auf, mit, instagram, bei, oktagon, youtube, rtl",,13,0,1,0,0.0,17044672.0,777258.0,52795.0,159808.59,6684.28,457.82,52.43,0.0,0.0,0.0,0.0,0.0,0.0,0.0,0.0
YT89,Spicy Comedy,,"hot, one, comedy, wilson, sign, wing, firstwefeast, hotones, sauce, spicy",,4,0,1,0,0.0,1517792.0,59964.0,2580.0,29895.93,1184.61,47.879999999999995,15.329999999999998,0.0,0.0,0.0,0.0,0.0,0.0,0.0,0.0
YT90,Jojos Bizarre Adventure,,"instagram, „Ç∑„Éß„Ç∑„Éß„ÅÆÂ•áÂ¶ô„Å™ÂÜíÈô∫, jojo, vision, bonez, penne, streamen, nichts, official, hier",,5,0,1,0,0.0,1608655.0,102277.0,8580.0,69486.67,4102.24,357.03999999999996,27.72,0.0,0.0,0.0,0.0,0.0,0.0,0.0,0.0
YT91,Roblox Shenanigans,,"roblox, yuta, twice, shenanigan, jujutsu, twitter, official, game, discord, moveset",,1,0,1,0,0.0,234182.0,9278.0,561.0,1873.46,74.22,4.49,3.96,0.0,0.0,0.0,0.0,0.0,0.0,0.0,0.0
YT92,Warframe Media,,"warframe, playwarframe, gameplay, isleweaver, instagram, twitter, tiktok, trailer, facebook, duviri",,8,0,1,0,0.0,2356772.0,187178.0,10766.0,19098.11,1551.23,86.07,9.6,0.0,0.0,0.0,0.0,0.0,0.0,0.0,0.0
YT93,Unbreakable Love,,"love, make, cant, faith, instagram, never, every, mile, leave, june",,17,0,1,0,0.0,32972553.0,1281391.0,62099.0,430217.23,16748.210000000003,695.03,64.91,0.0,0.0,0.0,0.0,0.0,0.0,0.0,0.0
YT94,Social Media Maze,,"instagram, twitter, maze, alena, joe, family, problem, project, famous, allday",,1,0,1,0,0.0,163753.0,17008.0,8459.0,2126.66,220.88,109.86,10.39,0.0,0.0,0.0,0.0,0.0,0.0,0.0,0.0
YT95,Ultimate Crate,,"bizon, spectral, byte, level, skin, crate, set, spin, ultimate, got",,9,0,1,0,0.0,6615741.0,162403.0,6790.0,74494.14,1779.6000000000001,76.18,35.5,0.0,0.0,0.0,0.0,0.0,0.0,0.0,0.0
YT96,Free Fire Gaming,,"fire, youtube, garena, diamond, top, game, enaldinho, max, canal, freefire",,8,0,1,0,0.0,3207592.0,182221.0,7886.0,30382.13,1584.56,67.91,42.120000000000005,0.0,0.0,0.0,0.0,0.0,0.0,0.0,0.0
YT97,Social Media Influencers,,"manchild, sabrina, lnk, carpenter, que, facebook, instagram, tiktok, scene, behind",,6,0,1,0,0.0,3369796.0,150289.0,16711.0,51232.62,1968.19,199.63,27.28,0.0,0.0,0.0,0.0,0.0,0.0,0.0,0.0
YT98,Monster Hunter Series,,"youtu, monster, wild, hunter, monsterhunter, series, chinese, facebook, title, weapon",,3,0,1,0,0.0,2565228.0,120986.0,8561.0,55349.18,2773.53,193.42,10.72,0.0,0.0,0.0,0.0,0.0,0.0,0.0,0.0
YT99,Divine Fire,,"pra, pede, gospel, fogo, deus, enche, azeite, esta, subir, bencao",,20,0,1,0,0.0,14837426.0,537205.0,65352.0,193559.93000000002,6717.01,808.4,98.71,0.0,0.0,0.0,0.0,0.0,0.0,0.0,0.0
YT100,Social Media Gaming,,"banban, instagram, discord, babish, twitter, steampowered, app, tiktok, play, game",,9,0,1,0,0.0,54506653.0,1107560.0,60372.0,456404.04,12088.46,863.76,27.26,0.0,0.0,0.0,0.0,0.0,0.0,0.0,0.0
YT101,Social Media Influencers,,"que, grox, papasito, twitch, karolg, clubes, copa, tiktok, instagram, quiero",,9,0,1,0,0.0,3984484.0,165883.0,12396.0,42029.82,2050.21,143.86,41.839999999999996,0.0,0.0,0.0,0.0,0.0,0.0,0.0,0.0
YT102,Social Media and Health,,"instagram, twitter, adipositas, von, route, end, dylan, mondly, article, tiktok",,7,0,1,0,0.0,3415404.0,117634.0,13267.0,38680.799999999996,1113.7,132.28,25.06,0.0,0.0,0.0,0.0,0.0,0.0,0.0,0.0
YT103,Social Media Influence,,"der, youtube, instagram, die, und, thyview, redmi, den, facebook, pro",,8,0,1,0,0.0,11730576.0,419360.0,21156.0,175401.83,4238.29,183.07,29.54,0.0,0.0,0.0,0.0,0.0,0.0,0.0,0.0
YT104,Taarak Mehta Show,,"chashmah, show, mehta, ooltah, taarak, episode, last, sky, sab, youtube",,6,0,1,0,0.0,7499178.0,253237.0,8364.0,114545.37999999999,3349.24,49.78,38.61,0.0,0.0,0.0,0.0,0.0,0.0,0.0,0.0
YT105,Social Media Trends,,"instagram, txt, tiktok, flamengo, twitch, music, ÁÑ°ÈôêÂüéÁ∑®, È¨ºÊªÖ„ÅÆÂàÉ, twitter, Ìà¨Î™®Î°úÏö∞Î∞îÏù¥Ìà¨Í≤åÎçî",,4,0,1,0,0.0,4720554.0,165101.0,6697.0,36051.89,1569.89,55.51,21.37,0.0,0.0,0.0,0.0,0.0,0.0,0.0,0.0
YT106,Social Media Beverages,,"repo, yakan, „ÇÑ„Åã„Çì„ÅÆÈ∫¶Ëå∂, mugicha, youtube, instagram, facebook, line, cola, coca",,8,0,1,0,0.0,6835121.0,183285.0,12246.0,135677.51,3826.93,469.95000000000005,20.39,0.0,0.0,0.0,0.0,0.0,0.0,0.0,0.0
YT107,Social Media Influencers,,"calfreezy, instagram, episode, miss, anything, twitter, kinigradeon, youtu, revolut, twitch",,10,0,1,0,0.0,7744019.0,189875.0,10257.0,132539.55,2843.12,152.7,28.56,0.0,0.0,0.0,0.0,0.0,0.0,0.0,0.0
YT108,Bhad Bhabie Social Media,,"music, bhadbhabie, twitter, instagram, facebook, bhad, bhabie, youtu, john, cena",,1,0,1,0,0.0,81671.0,1834.0,311.0,400.35,8.99,1.52,2.25,0.0,0.0,0.0,0.0,0.0,0.0,0.0,0.0
YT109,Motorsport Magazine,,"magazin, motorsport, die, und, mit, motogp, icon, marquez, flaticon, fan",,10,0,1,0,0.0,28356961.0,797128.0,49576.0,260803.09,7538.34,477.26000000000005,36.58,0.0,0.0,0.0,0.0,0.0,0.0,0.0,0.0
YT110,Gabis Online Presence,,"alli, gabibelle, gordon, itsgabibelle, ramsay, spotify, twitter, gabi, bombas, patreon",,9,0,1,0,0.0,12013655.0,511517.0,87272.0,83179.6,3611.42,604.81,41.32,0.0,0.0,0.0,0.0,0.0,0.0,0.0,0.0
YT111,Complete Music Course,,"value, music, beato, eric, jason, complete, course, „É©„Ç§„Éï, matthew, alexander",,12,0,1,0,0.0,5733304.0,134250.0,8475.0,75846.01999999999,1725.01,177.6,33.9,0.0,0.0,0.0,0.0,0.0,0.0,0.0,0.0
YT112,Gaming Community,,"player, bar, week, youtube, opponent, azki, note, mod, pokemongo, hololivepro",,14,0,1,0,0.0,53180408.0,5414202.0,359608.0,619821.02,64575.8,4330.64,126.49,0.0,0.0,0.0,0.0,0.0,0.0,0.0,0.0
YT113,Creative Production,,"katseye, katseyeworld, director, instrumental, official, youtube, lnk, soundcloud, creative, production",,3,0,1,0,0.0,1233603.0,17658.0,11637.0,18690.96,267.54,176.31,4.29,0.0,0.0,0.0,0.0,0.0,0.0,0.0,0.0
YT114,Boxing Hub,,"fight, terence, fighthubtv, instagram, youtube, twitter, boxing, hub, list, pl_",,9,0,1,0,0.0,6136749.0,302616.0,21463.0,95501.08,5147.33,347.57,53.54,0.0,0.0,0.0,0.0,0.0,0.0,0.0,0.0
YT115,Power Grid,,"amzn, grid, para, boot, power, milwaukee, opera, building, nao, west",,23,0,1,0,0.0,63786226.0,1717206.0,117664.0,531833.63,14327.13,1012.66,53.49,0.0,0.0,0.0,0.0,0.0,0.0,0.0,0.0
YT116,Social Media Entertainment,,"instagram, marvel, youtube, tiktok, blazer, facebook, trailblazer, theater, trail, first",,9,0,1,0,0.0,11278601.0,264439.0,34024.0,156012.15,3759.36,472.11,24.540000000000003,0.0,0.0,0.0,0.0,0.0,0.0,0.0,0.0
YT117,Afghan Cuisine,,"usd, afn, salt, amzn, food, afghan, red, masala, served, dough",,3,0,1,0,0.0,5966956.0,58307.0,5966.0,62895.14,625.4,53.9,11.08,0.0,0.0,0.0,0.0,0.0,0.0,0.0,0.0
YT118,Creative Production,,"sevdaliza, producer, production, artist, department, creative, assistant, stylist, executive, seed",,3,0,1,0,0.0,1603349.0,64627.0,2647.0,7391.76,288.08,12.78,10.530000000000001,0.0,0.0,0.0,0.0,0.0,0.0,0.0,0.0
YT119,German Articles,,"und, der, die, ein, fur, mit, ist, eine, auf, von",,3,0,1,0,0.0,12966244.0,76595.0,5983.0,101304.77,765.18,50.09,3.66,0.0,0.0,0.0,0.0,0.0,0.0,0.0,0.0
YT120,Bot Production,,"mussa, bot, lakshmi, cregger, zach, behind, mussarela, august, weapon, production",,2,0,1,0,0.0,5065338.0,192721.0,14051.0,28095.5,1135.01,98.22999999999999,7.68,0.0,0.0,0.0,0.0,0.0,0.0,0.0,0.0
YT121,Dance Studio,,"studiochoom, dance, illit, ÏïÑÏùºÎ¶ø, studio, youtube, instagram, facebook, choom, Í≥†ÏñëÏù¥",,11,0,1,0,0.0,25315852.0,501788.0,69152.0,267336.44,6411.98,1163.2,25.919999999999998,0.0,0.0,0.0,0.0,0.0,0.0,0.0,0.0
YT122,Social Media Influence,,"maxthemeatguy, youtube, viall, apple, twitter, podcast, grammarly, brisket, listen, snapchat",,13,0,1,0,0.0,109746528.0,2127206.0,135507.0,1097467.97,21972.2,1383.76,56.3,0.0,0.0,0.0,0.0,0.0,0.0,0.0,0.0
YT123,VFX Production Team,,"vfx, production, producer, sharma, bal, karan, aujla, kapoor, rupan, katseye",,7,0,1,0,0.0,14143908.0,1162048.0,87444.0,220552.34,23506.88,1759.24,48.15,0.0,0.0,0.0,0.0,0.0,0.0,0.0,0.0
YT124,Patreon Mission,,"helluva, bos, que, patreon, mission, orphan, voce, ser, era, direcao",,11,0,1,0,0.0,47675951.0,283773.0,18035.0,482078.88,3035.18,159.29,36.33,0.0,0.0,0.0,0.0,0.0,0.0,0.0,0.0
YT125,Social Media Entertainment,,"instagram, focusfeatures, twitter, facebook, phoenixsc, minecraft, bugonia, bugoniafilm, twitch, alien",,10,0,1,0,0.0,3213076.0,179627.0,9569.0,39143.05,2608.12,132.06,62.300000000000004,0.0,0.0,0.0,0.0,0.0,0.0,0.0,0.0
YT126,Influencer Lifestyle,,"shopmy, alexandragater, lilsimsie, code, alexandra, instagram, use, collection, twitch, tiktok",,2,0,1,0,0.0,2712998.0,146898.0,3667.0,31168.829999999998,1531.65,39.56,12.6,0.0,0.0,0.0,0.0,0.0,0.0,0.0,0.0
YT127,Social Media Content,,"youtube, instagram, facebook, oficial, use, copyright, thugesh, traitor, pod, poddelas",,5,0,1,0,0.0,5530362.0,133905.0,7057.0,107911.31999999999,2005.56,78.92,9.07,0.0,0.0,0.0,0.0,0.0,0.0,0.0,0.0
YT128,Social Media Influencers,,"tellyreporter, claro, prime, sakurazaka, instagram, Ê∏ØÂå∫„Éè„Çª„É™, raj, director, facebook, clarobrasil",,10,0,1,0,0.0,6405092.0,251320.0,14613.0,63393.75,2309.48,163.54,36.43,0.0,0.0,0.0,0.0,0.0,0.0,0.0,0.0
YT129,Social Media Trends,,"instagram, twitter, tiktok, onion, gzuz, wetter, youtube, mirate, line, knack",,13,0,1,0,0.0,4729140.0,118120.0,7713.0,66354.45999999999,1780.57,96.95,37.88,0.0,0.0,0.0,0.0,0.0,0.0,0.0,0.0
YT130,BBC Glastonbury Performance,,"bbc, glastonbury, arcsystemworksu, sound, full, iplayer, performance, manetikin, system, arc",,4,0,1,0,0.0,845136.0,68707.0,3724.0,29142.64,2369.21,128.4,32.52,0.0,0.0,0.0,0.0,0.0,0.0,0.0,0.0
YT131,YouTube Tools,,"youtu, robbylayton, robby, tool, layton, matt, full, collection, power, road",,5,0,1,0,0.0,975401.0,65226.0,13982.0,14358.17,1189.29,159.7,33.75,0.0,0.0,0.0,0.0,0.0,0.0,0.0,0.0
YT132,Kountry Comedy,,"wayne, kountrywayne, facebook, instagram, tiktok, tour, skit, merch, colley, kountry",,7,0,1,0,0.0,10911354.0,169314.0,12860.0,104411.79,2445.99,191.66,25.89,0.0,0.0,0.0,0.0,0.0,0.0,0.0,0.0
YT133,Social Media Evolution,,"asistanƒ±, instagram, shiny, youtube, twitter, pokemon, discord, change, color, based",,6,0,1,0,0.0,2344663.0,139999.0,6051.0,69402.13999999998,4362.57,182.14,30.03,0.0,0.0,0.0,0.0,0.0,0.0,0.0,0.0
YT134,YouTube Rescue Series,,"youtube, use, series, morr, rescue, utm_source, utm_medium, utm_campaign, facebook, code",,10,0,1,0,0.0,5653361.0,163267.0,13408.0,75254.91,2139.44,201.25,26.0,0.0,0.0,0.0,0.0,0.0,0.0,0.0,0.0
YT135,Tennis Business,,"tennis, die, atp, sock, youtube, und, der, auf, business, discord",,5,0,1,0,0.0,4754057.0,119370.0,17316.0,33689.61,1070.67,414.41,15.799999999999999,0.0,0.0,0.0,0.0,0.0,0.0,0.0,0.0
YT136,Social Media Beauty,,"rezard, pottstown, hikaru, youtube, instagram, „Ç™„É≥„É©„Ç§„É≥„Çµ„É≠„É≥, team, sure, beauty, make",,8,0,1,0,0.0,14075291.0,117228.0,82761.0,88748.64,1941.3400000000001,449.87,34.300000000000004,0.0,0.0,0.0,0.0,0.0,0.0,0.0,0.0
YT137,Anniversary Fire,,"event, fire, anniversary, kaise, today, tung, instagram, kare, magic, cube",,3,0,1,0,0.0,1408433.0,58660.0,3197.0,16975.37,928.96,47.019999999999996,17.63,0.0,0.0,0.0,0.0,0.0,0.0,0.0,0.0
YT138,Social Media Influencers,,"„Å®„Å¶„Å®, Á¨ë„Ç•„Åõ„Åá„Çã„Åô„Åæ„Çì, assistant, instagram, garcia, pablo, „Éà„É©„Éû, „ÅÇ„Åä„ÅÑÊúù„Åü„Å≠, „ÅÇ„Åó„Åä„Å®, „Åù„ÅÜ„ÇÑ„Å£„Å¶„ÅÑ„Å§„Å¶„ÇÇ",,6,0,1,0,0.0,6079806.0,180124.0,12067.0,97726.97,2745.94,204.97,18.21,0.0,0.0,0.0,0.0,0.0,0.0,0.0,0.0
YT139,Social Media Influencers,,"childhood, bought, discontinued, youtube, product, tiktok, instagram, hopescope, treat, „Çπ„Çø„Éº„É¨„Ç§„É´",,6,0,1,0,0.0,6804381.0,316915.0,11615.0,96357.95,4592.7,184.29,33.39,0.0,0.0,0.0,0.0,0.0,0.0,0.0,0.0
YT140,Social Media in Soccer,,"palmeiras, instagram, coletiva, facebook, clubes, fifa, copa, mundo, tiktok, twitter",,5,0,1,0,0.0,2639801.0,97781.0,7355.0,41768.07,2130.6099999999997,116.51,17.64,0.0,0.0,0.0,0.0,0.0,0.0,0.0,0.0
YT141,Social Media Influencers,,"instagram, santosfc, „Ç≠„É≥„ÇØ„Çø„É†, „Éè„Éº„ÉÑ, nader, cry, santos, louisa, jennie, „ÉÜ„Ç£„Çπ„Éã„Éº",,12,0,1,0,0.0,7696156.0,215599.0,19812.0,146022.93000000002,4521.98,373.17999999999995,32.2,0.0,0.0,0.0,0.0,0.0,0.0,0.0,0.0
YT142,Social Media Influencers,,"instagram, youtube, twitter, rider, kontra, music, tiktok, hand, arena, snapchat",,8,0,1,0,0.0,6044196.0,122574.0,24229.0,145327.48,3230.77,708.17,16.96,0.0,0.0,0.0,0.0,0.0,0.0,0.0,0.0
YT143,Virtual Gaming Community,,"roblox, forsaken, virtual, game, member, doe, discord, working, well, avatar",,7,0,1,0,0.0,12187148.0,613266.0,21434.0,86128.65,4420.24,157.16000000000003,36.39,0.0,0.0,0.0,0.0,0.0,0.0,0.0,0.0
YT144,Social Media Music,,"smii, youtube, romeo, twitter, music, dovecameron, artist, instagram, tiktok, character",,4,0,1,0,0.0,749252.0,41524.0,2604.0,7331.75,383.67999999999995,23.09,19.48,0.0,0.0,0.0,0.0,0.0,0.0,0.0,0.0
YT145,Social Media Influencers,,"instagram, west, tiktok, label, elov, dave, themixbywirally, facebook, official, producer",,5,0,1,0,0.0,2191324.0,29431.0,1213.0,15106.07,216.08,6.47,6.890000000000001,0.0,0.0,0.0,0.0,0.0,0.0,0.0,0.0
YT146,German Sports Highlights,,"sky, sport, zly, auf, deutschland, highlight, und, mit, instagram, app",,5,0,1,0,0.0,1754814.0,61982.0,17487.0,12656.009999999998,460.8,129.07,16.49,0.0,0.0,0.0,0.0,0.0,0.0,0.0,0.0
YT147,Democratic Victory,,"victory, primary, democratic, mamdani, zohran, licensing, mayoral, full, city, claim",,20,0,1,0,0.0,89172531.0,1924620.0,160850.0,2306871.92,50614.84,4179.02,48.660000000000004,0.0,0.0,0.0,0.0,0.0,0.0,0.0,0.0
YT148,UFC Social Experience,,"ufc, instagram, ufcfightpass, facebook, twitter, official, fight, ppv, social, experience",,5,0,1,0,0.0,3352458.0,78502.0,1063.0,44075.66,1748.4599999999998,55.7,14.52,0.0,0.0,0.0,0.0,0.0,0.0,0.0,0.0
YT149,Vetrimaarans Movie Launch,,"parandhu, launch, movie, trailer, audio, speech, instagram, vetrimaaran, cinema, director",,1,0,1,0,0.0,261274.0,5929.0,586.0,4750.44,107.8,10.65,2.27,0.0,0.0,0.0,0.0,0.0,0.0,0.0,0.0
YT150,Social Media Trends,,"youtu, youtube, instagram, tiktok, twitter, Êùæ‰∏ãÂÆ£Â§´, „ÇíÊ§úË®º, neve, miami, inter",,12,0,1,0,0.0,43096597.0,2518948.0,110984.0,623839.24,37023.9,1654.73,73.17,0.0,0.0,0.0,0.0,0.0,0.0,0.0,0.0
YT151,Next Years Circus,,"next, special, digital, hotel, instagram, year, american, circus, back, day",,13,0,1,0,0.0,2352471.0,96749.0,8820.0,52348.17,2775.1000000000004,309.21000000000004,70.91,0.0,0.0,0.0,0.0,0.0,0.0,0.0,0.0
YT152,Minecraft Television,,"kutv, der, hermitcraft, und, die, minecraft, auf, instagram, iran, television",,6,0,1,0,0.0,6892164.0,177201.0,9624.0,98287.23,3002.11,168.13,16.44,0.0,0.0,0.0,0.0,0.0,0.0,0.0,0.0
YT153,Indie Panel Highlights,,"fancode, instagram, indie, west, australia, panel, aashish, highlight, shamar, joseph",,6,0,1,0,0.0,2260714.0,87532.0,12202.0,52070.33,2975.21,494.63,29.81,0.0,0.0,0.0,0.0,0.0,0.0,0.0,0.0
YT154,Building a Pond,,"youtu, adding, day, pond, build, water, fish, bass, filling, part",,6,0,1,0,0.0,3431083.0,173697.0,20092.0,25566.589999999997,1468.0700000000002,193.07,32.589999999999996,0.0,0.0,0.0,0.0,0.0,0.0,0.0,0.0
YT155,YouTube Product Launch,,"youtu, product, blog, part, plushie, trailer, wait, sponsor, wanted, testing",,5,0,1,0,0.0,970751.0,19706.0,1219.0,10481.01,187.86,12.9,10.69,0.0,0.0,0.0,0.0,0.0,0.0,0.0,0.0
YT156,Twitter Music Videos,,"twitter, espirito, todah, vem, como, fogo, youtube, que, todahmusic, rocha",,3,0,1,0,0.0,21902005.0,429885.0,111054.0,119897.72,2338.12,603.24,6.859999999999999,0.0,0.0,0.0,0.0,0.0,0.0,0.0,0.0
YT157,Pra Senhor,,"pra, dependente, que, sou, music, nathuniya, cancao, tua, senhor, meu",,1,0,1,0,0.0,201246.0,5255.0,322.0,1597.19,41.71,2.56,2.61,0.0,0.0,0.0,0.0,0.0,0.0,0.0,0.0
YT158,Social Media Influencers,,"twitter, youtube, instagram, tiktok, Êóßtwitter, dokuota_akkie, sirows, join, dokuota, akkie",,6,0,1,0,0.0,1821878.0,94220.0,6812.0,17928.26,998.06,57.72,36.629999999999995,0.0,0.0,0.0,0.0,0.0,0.0,0.0,0.0
YT159,Social Media Influencers,,"instagram, morike, gewinnt, meu, wer, haftbefehl, yakary, blogueirinha, spa√ü, jetzt",,13,0,1,0,0.0,19281760.0,219978.0,11734.0,210211.47,2354.89,129.42,14.84,0.0,0.0,0.0,0.0,0.0,0.0,0.0,0.0
YT160,West Indies Cricket,,"highlight, west, indie, day, australia, test, windies, interview, team, keep",,1,0,1,0,0.0,4205587.0,105993.0,2891.0,39304.55,990.59,27.02,2.52,0.0,0.0,0.0,0.0,0.0,0.0,0.0,0.0
YT161,Bollywood Announcement,,"devgn, ajay, arora, thakur, announcement, kumar, official, vijay, july, mrunal",,9,0,1,0,0.0,7557103.0,273717.0,12083.0,92504.86,3157.13,130.67,33.6,0.0,0.0,0.0,0.0,0.0,0.0,0.0,0.0
YT162,Social Media Influencers,,"instagram, youtube, und, official, music, twitter, linktr, production, tech, tiktok",,1,0,1,0,0.0,245284.0,1834.0,759.0,2358.5,17.63,7.3,0.75,0.0,0.0,0.0,0.0,0.0,0.0,0.0,0.0
YT163,Family Entertainment,,"„ÉØ„É≥tv, Ê†ºÈóòÊäÄ„Ç®„É≥„Çø„É°ch, „Ç≥„Ç§„Ç±, familytimeft, instagram, ÂâçÁ∑®„ÅØfamilytimeft, „Çí„Åõ„Å≤„ÅìË¶ß„Åè„Åü„Åï„ÅÑ, „Å¶„ÉÅ„Çß„ÉÉ„ÇØ, Âπ≥Êú¨ËìÆ„ÅãÊúùÂÄâÊú™Êù•vs„ÇØ„É¨„Éò„É´, hid",,2,0,1,0,0.0,488460.0,10624.0,743.0,9407.58,277.55,20.21,3.58,0.0,0.0,0.0,0.0,0.0,0.0,0.0,0.0
YT164,Social Media Recipes,,"receitas, pipoca, ate, leite, instagram, seikintv, ninho, agua, para, tiktok",,11,0,1,0,0.0,3422499.0,148650.0,12817.0,56970.83,3425.15,268.41,57.01,0.0,0.0,0.0,0.0,0.0,0.0,0.0,0.0
YT165,Social Media and Gaming,,"england, twitter, twitch, instagram, final, euro, facebook, elliott, tiktok, game",,9,0,1,0,0.0,9218909.0,472481.0,32166.0,101747.78,5646.360000000001,365.51,48.37,0.0,0.0,0.0,0.0,0.0,0.0,0.0,0.0
YT166,Social Media Gaming,,"any_austin, kart, bsky, instagram, mario, world, tiktok, patreon, twitch, anyaustin",,1,0,1,0,0.0,312399.0,867.0,403.0,1244.62,3.45,1.61,0.28,0.0,0.0,0.0,0.0,0.0,0.0,0.0,0.0
YT167,Followership and Direction,,"und, auf, von, die, der, hier, alle, fur, folgen, euch",,13,0,1,0,0.0,10701412.0,553109.0,53650.0,166873.57,10643.96,1126.07,60.4,0.0,0.0,0.0,0.0,0.0,0.0,0.0,0.0
YT168,Social Media Creators,,"tiktok, instagram, dodgeball, dream, league, creator, team, creatorleague, facebook, phillips",,8,0,1,0,0.0,5836338.0,120472.0,9558.0,76753.45,1451.92,165.21,23.93,0.0,0.0,0.0,0.0,0.0,0.0,0.0,0.0
YT169,Speedrunning Culture,,"eazyspeezy, kindergarten, speedruns, twitter, instagram, youtube, game, speedrun, dark, speedrunning",,12,0,1,0,0.0,33398891.0,2351333.0,145721.0,340744.16,24007.730000000003,1490.5300000000002,66.0,0.0,0.0,0.0,0.0,0.0,0.0,0.0,0.0
YT170,YouTube Sensation,,"pewdiepie, tamil, saily, youtube, went, official, tiktok, mail, kid, kinki",,11,0,1,0,0.0,46424758.0,435813.0,21568.0,575516.01,14883.19,602.07,18.02,0.0,0.0,0.0,0.0,0.0,0.0,0.0,0.0
YT171,Social Media Entertainment,,"instagram, roofmanmovie, stitch, facebook, roofman, paramount, roblox, tiktok, twitter, youtube",,4,0,1,0,0.0,4261927.0,157735.0,6327.0,41470.39,1509.67,57.66,24.22,0.0,0.0,0.0,0.0,0.0,0.0,0.0,0.0
YT172,Social Media Tour,,"instagram, youtube, first, tour, worldtour, official, cho, ver, lnk, ùêåùêÆùê¨ùê¢ùêú",,8,0,1,0,0.0,3058297.0,77006.0,4303.0,49009.579999999994,1092.33,77.95,28.47,0.0,0.0,0.0,0.0,0.0,0.0,0.0,0.0
YT173,Social Media Secrets,,"ÁúüÁõ∏„Çí„ÅäË©±„Åó„Åó„Åæ„Åô, instagram, shinso_movie, apple, twitter, youtube, glitzvisionusa, ËèäÊ±†È¢®Á£®, Â§ßÊ£ÆÂÖÉË≤¥, facebook",,7,0,1,0,0.0,7495482.0,288890.0,63778.0,52515.36,1847.1999999999998,368.79,17.580000000000002,0.0,0.0,0.0,0.0,0.0,0.0,0.0,0.0
YT174,Social Media Gaming,,"youtube, list, instagram, muzo, facebook, ÿßŸÜÿß, game, efwhs, letsgameitout, teddy",,6,0,1,0,0.0,4880924.0,300242.0,21685.0,41558.24,2554.85,184.02999999999997,36.21,0.0,0.0,0.0,0.0,0.0,0.0,0.0,0.0
YT175,Gaming Reviews,,"cinemassacre, avgn, amzn, game, metroid, james, ray, simplisafe, blu, twitter",,8,0,1,0,0.0,14544582.0,237597.0,16296.0,181931.72,3038.3,221.82,16.77,0.0,0.0,0.0,0.0,0.0,0.0,0.0,0.0
YT176,Lucas Instagram Content,,"conteudo, rosa, laserluca, instagram, entretenimento, luca, dosrosaof, grupodosrosa, wird, manisharani",,3,0,1,0,0.0,3017037.0,195862.0,9454.0,24356.93,1447.33,80.37,18.32,0.0,0.0,0.0,0.0,0.0,0.0,0.0,0.0
YT177,Social Media Production,,"instagram, ssio, reaction, production, director, assistant, producer, artist, oder, und",,7,0,1,0,0.0,42464320.0,20819.0,29912.0,249356.5,343.63,180.59,4.96,0.0,0.0,0.0,0.0,0.0,0.0,0.0,0.0
YT178,Pop Photoshoot,,"wicked, pop, photoshoot, take, shot, allday_project, flick, allday, project, snap",,2,0,1,0,0.0,611989.0,28507.0,608.0,4393.1900000000005,220.72000000000003,4.68,9.68,0.0,0.0,0.0,0.0,0.0,0.0,0.0,0.0
YT179,Music Promotion,,"m„Çπ„ÉÜ, green, twitter, instagram, line, mrsgreenapple, music, breakfast, ex_musicstation, musicstation",,13,0,1,0,0.0,19630749.0,1227118.0,60193.0,175680.72,10889.68,527.0,85.44,0.0,0.0,0.0,0.0,0.0,0.0,0.0,0.0
YT180,Social Media Seduction,,"tweet, thirst, red, youtube, post, seventeen, sexy, lfc, production, vernon",,5,0,1,0,0.0,2461728.0,20939.0,1427.0,33331.83,251.84,16.09,3.92,0.0,0.0,0.0,0.0,0.0,0.0,0.0,0.0
YT181,Worst Business Experiences,,"business, worst, ever, tried, day, mail, every, fair, comment, inquiry",,12,0,1,0,0.0,37845782.0,2362696.0,134542.0,452454.47,27594.99,1585.56,82.03999999999999,0.0,0.0,0.0,0.0,0.0,0.0,0.0,0.0
YT182,Set Assistant,,"set, ooh, rose, carpenter, grip, assistant, way, mind, maybe, alex",,12,0,1,0,0.0,11327935.0,759530.0,32100.0,112995.93,7488.7300000000005,279.36,76.86,0.0,0.0,0.0,0.0,0.0,0.0,0.0,0.0
YT184,Social Media and Gaming,,"koenigsegg, instagram, spear, funk, sadair, killdozer, tiktok, youtube, track, gaming",,4,0,1,0,0.0,6617736.0,110714.0,7172.0,95909.2,1604.55,103.96,6.68,0.0,0.0,0.0,0.0,0.0,0.0,0.0,0.0
YT185,Social Media Secrets,,"instagram, twitch, tiktok, secret, use, youtube, gabibelle, twitter, music, que",,11,0,1,0,0.0,5250436.0,172068.0,21351.0,76196.91,2325.02,301.53,34.410000000000004,0.0,0.0,0.0,0.0,0.0,0.0,0.0,0.0
YT186,Basketball Challenges,,"jesser, basketball, bucketsquad, instagram, youtu, challenge, compete, squid, game, twitter",,8,0,1,0,0.0,10611957.0,191623.0,12534.0,178359.7,2955.1099999999997,208.18,20.400000000000002,0.0,0.0,0.0,0.0,0.0,0.0,0.0,0.0
YT187,Sky Sports Coverage,,"sport, sky, lion, skysports, schaffrillas, rugby, michael, frontal, red, instagram",,13,0,1,0,0.0,15563530.0,524632.0,30428.0,144545.77,6767.84,318.3,55.019999999999996,0.0,0.0,0.0,0.0,0.0,0.0,0.0,0.0
YT188,Social Farming,,"day, hay, hayday, facebook, instagram, twitter, never, code, farm, crop",,4,0,1,0,0.0,1167121.0,69288.0,5288.0,25936.03,1539.73,117.52,23.76,0.0,0.0,0.0,0.0,0.0,0.0,0.0,0.0
YT189,Social Media Ambition,,"instagram, ambitionstrikes, champ, code, muse, facebook, mebius, casper, mein, amo",,3,0,1,0,0.0,1158896.0,49712.0,2096.0,6385.01,264.17,11.35,8.629999999999999,0.0,0.0,0.0,0.0,0.0,0.0,0.0,0.0
YT190,FNAF Music Licensing,,"fnaf, world, music, lickd, chapter, har, freddy, stock, licensed, youtube",,4,0,1,0,0.0,3048045.0,151362.0,4944.0,34299.01,1462.52,46.84,23.990000000000002,0.0,0.0,0.0,0.0,0.0,0.0,0.0,0.0
YT191,Creative Music Supervision,,"riot, ela, creative, nao, pai, play, supervision, music, instagram, botafogo",,11,0,1,0,0.0,6442186.0,358479.0,15464.0,61504.28,3231.8199999999997,155.29999999999998,49.96,0.0,0.0,0.0,0.0,0.0,0.0,0.0,0.0
YT192,Social Media Influencers,,"instagram, youtube, manualdomundo, song, mangli, direcao, jan, schlappen, den, krankenkasse",,8,0,1,0,0.0,3648902.0,41948.0,16602.0,95682.81999999999,1146.72,466.46999999999997,7.33,0.0,0.0,0.0,0.0,0.0,0.0,0.0,0.0
YT193,Instagram Production,,"instagram, renee, rapp, reneerapp, production, grip, director, stylist, alexandra, shipp",,8,0,1,0,0.0,7582186.0,170923.0,16472.0,41249.48,917.22,100.11,18.61,0.0,0.0,0.0,0.0,0.0,0.0,0.0,0.0
YT194,Sports Media,,"espn, youtube, ufc, australia, nba, espnausnz, highlight, facebook, twitter, instagram",,5,0,1,0,0.0,2667972.0,42841.0,4811.0,91894.26,1460.59,129.85,8.26,0.0,0.0,0.0,0.0,0.0,0.0,0.0,0.0
YT195,Social Media Platforms,,"que, tiktok, instagram, para, canal, facebook, cnnbrasil, inscreva, twitter, redes",,3,0,1,0,0.0,2312298.0,96434.0,11413.0,17122.04,514.4100000000001,60.86,8.49,0.0,0.0,0.0,0.0,0.0,0.0,0.0,0.0
YT196,Streaming Sports,,"die, dazn, und, auf, der, mit, youtube, ist, hier, funk",,7,0,1,0,0.0,6318578.0,253291.0,14187.0,136213.39,6709.27,333.90999999999997,39.68,0.0,0.0,0.0,0.0,0.0,0.0,0.0,0.0
YT197,Social Media Influencers,,"instagram, twitter, youtube, tiktok, e_c_omori, saito_, „Éºtiktok, „Éºtwitter, „Éºinstagram, thanks",,3,0,1,0,0.0,2572884.0,107558.0,7730.0,18240.54,713.0699999999999,57.230000000000004,11.9,0.0,0.0,0.0,0.0,0.0,0.0,0.0,0.0
YT198,Social Media Marketing,,"offer, instagram, agt, franchise, llc, jbm, facebook, twitter, sale, information",,3,0,1,0,0.0,7615540.0,144254.0,9441.0,59173.42,1594.46,94.99,9.04,0.0,0.0,0.0,0.0,0.0,0.0,0.0,0.0
YT199,Team Collaboration,,"team, daisuke, youtube, vitality, sky, join, piece, instagram, jogo, xm_bpn",,13,0,1,0,0.0,32842284.0,915241.0,110134.0,435950.18,9458.0,1397.69,42.36,0.0,0.0,0.0,0.0,0.0,0.0,0.0,0.0
RD0,,Car Salesman Stories,,"puppet, camel, warranty, star, car, year, featuring, michael, salesman, vin",0,96,0,1,0.0,0.0,0.0,0.0,0.0,0.0,0.0,0.0,424595.0,424595.0,8815.0,0.0,63197.24,1689.95,26162840.55,9303.0
RD1,,Satirical Commentary,,"please, tell, mean, need, satire, according, also, professional, lemme, choice",0,9,0,1,0.0,0.0,0.0,0.0,0.0,0.0,0.0,0.0,18242.0,18242.0,1795.0,0.0,3708.41,312.29,630396.99,855.0
RD4,,Car Rental,,"year, car, still, rent, told, vin, guy, keep, little, dog",0,1,0,1,0.0,0.0,0.0,0.0,0.0,0.0,0.0,0.0,2284.0,2284.0,229.0,0.0,761.33,76.33,1537584.35,98.0
RD5,,Getting to Know,,"name, know, want, last, friend, everything, one, take, think, asked",0,4,0,1,0.0,0.0,0.0,0.0,0.0,0.0,0.0,0.0,43845.0,43845.0,637.0,0.0,7473.22,121.18,2303212.7399999998,384.0
RD8,,LeBrons Absence,,"without, mind, beat, together, lebron, missing, time, tumultuous, steve, nash",0,2,0,1,0.0,0.0,0.0,0.0,0.0,0.0,0.0,0.0,4394.0,4394.0,36.0,0.0,761.56,5.550000000000001,606244.91,195.0
RD9,,Youthful Soldiers,,"men, think, young, english, front, waiting, soldier, worse, weird, year",0,5,0,1,0.0,0.0,0.0,0.0,0.0,0.0,0.0,0.0,5860.0,5860.0,647.0,0.0,1260.9,111.55,1822469.09,492.0
RD11,,Pritzkers Bright Decade,,"couch, decade, regardless, pritzker, bright, predominantly, gapping, excuse, independence, dump",0,10,0,1,0.0,0.0,0.0,0.0,0.0,0.0,0.0,0.0,25940.0,25940.0,1890.0,0.0,4140.61,452.26,1131500.02,948.0
RD13,,Work Hours,,"hour, time, driving, would, work, crew, overtime, back, staff, early",0,3,0,1,0.0,0.0,0.0,0.0,0.0,0.0,0.0,0.0,8976.0,8976.0,1099.0,0.0,1398.67,246.93,248172.64,283.0
RD14,,Gender Pay Gap,,"gender, neumark, difference, pattern, expert, term, pay, billion, california, david",0,9,0,1,0.0,0.0,0.0,0.0,0.0,0.0,0.0,0.0,68595.0,68595.0,1394.0,0.0,14331.47,330.33,2390598.49,863.0
RD18,,Personal Transformation,,"became, got, quit, sober, today, fixed, lie, yoga, telling, back",0,10,0,1,0.0,0.0,0.0,0.0,0.0,0.0,0.0,0.0,37853.0,37853.0,3592.0,0.0,5600.02,598.3000000000001,4408998.77,952.0
RD19,,Parenting Fatigue,,"child, wife, know, month, feel, family, tired, cannot, would, sil",0,20,0,1,0.0,0.0,0.0,0.0,0.0,0.0,0.0,0.0,88649.0,88649.0,5602.0,0.0,17899.51,1403.36,9794390.74,1914.0
RD20,,Starfield Release,,"gonna, turn, fucking, one, made, starfield, hopefully, second, time, old",0,8,0,1,0.0,0.0,0.0,0.0,0.0,0.0,0.0,0.0,21798.0,21798.0,1611.0,0.0,6600.47,447.04,2124144.97,771.0
RD21,,Bright Decade,,"couch, decade, regardless, pritzker, bright, predominantly, gapping, excuse, independence, dump",0,5,0,1,0.0,0.0,0.0,0.0,0.0,0.0,0.0,0.0,4565.0,4565.0,199.0,0.0,1392.94,70.39,2004201.5399999998,489.0
RD22,,Playing Tactics,,"way, story, campaign, play, absolutely, playing, pistol, using, cry, far",0,6,0,1,0.0,0.0,0.0,0.0,0.0,0.0,0.0,0.0,34834.0,34834.0,1457.0,0.0,7671.77,336.02,1892408.5899999999,583.0
RD23,,Family Beach Trip,,"beach, say, kid, trip, baby, husband, kept, trust, family, mad",0,5,0,1,0.0,0.0,0.0,0.0,0.0,0.0,0.0,0.0,12913.0,12913.0,610.0,0.0,2611.62,148.45999999999998,1536689.6099999999,480.0
RD24,,Pride in Existence,,"shown, pride, people, game, para, want, know, thing, existence, feminine",0,2,0,1,0.0,0.0,0.0,0.0,0.0,0.0,0.0,0.0,5152.0,5152.0,69.0,0.0,941.67,14.0,186880.96,197.0
RD29,,Everyday Essentials,,"sƒ±vƒ±yag, recel, tutkal, kahraman, kƒ±yafeti, seyler, sakin, nerden, balonlar, bir",0,4,0,1,0.0,0.0,0.0,0.0,0.0,0.0,0.0,0.0,6304.0,6304.0,321.0,0.0,1449.0,93.62,2145802.3,383.0
RD30,,Palestinian Music Conflict,,"music, palestinian, roast, chappelle, dave, silence, conflict, right, thenationalnews, khaleds",0,17,0,1,0.0,0.0,0.0,0.0,0.0,0.0,0.0,0.0,24616.0,24616.0,2126.0,0.0,7656.64,509.18,2367775.8699999996,1639.0
RD32,,Parenting Struggles,,"actually, hard, kid, people, anime, making, son, queer, lot, wall",0,1,0,1,0.0,0.0,0.0,0.0,0.0,0.0,0.0,0.0,443.0,443.0,25.0,0.0,221.5,12.5,21239.01,98.0
RD35,,American Champion,,"american, cut, senator, bill, quest, champion, year, working, fearless, draft",0,2,0,1,0.0,0.0,0.0,0.0,0.0,0.0,0.0,0.0,5377.0,5377.0,522.0,0.0,566.69,145.54,1173823.5699999998,184.0
RD36,,Silent Election,,"iran, quiet, stolen, right, silence, dave, chappelle, roast, palestinian, election",0,2,0,1,0.0,0.0,0.0,0.0,0.0,0.0,0.0,0.0,6620.0,6620.0,394.0,0.0,1578.25,73.17,694967.3200000001,194.0
RD37,,Fighting Time,,"take, planet, mama, multiple, war, time, fight, felix, trend, one",0,2,0,1,0.0,0.0,0.0,0.0,0.0,0.0,0.0,0.0,2276.0,2276.0,62.0,0.0,403.68,12.18,16825.63,193.0
RD38,,Parliamentary Elections,,"house, hardware, election, research, ourcommons, speaker, pierre, software, parl, campaign",0,5,0,1,0.0,0.0,0.0,0.0,0.0,0.0,0.0,0.0,35142.0,35142.0,671.0,0.0,4304.09,137.3,4817111.35,488.0
RD39,,Navigating Censorship,,"getting, step, trying, pull, censorship, ready, desert, developer, year, far",0,8,0,1,0.0,0.0,0.0,0.0,0.0,0.0,0.0,0.0,25896.0,25896.0,931.0,0.0,5289.66,240.76,1743167.57,757.0
RD40,,Chicago Football,,"chicago, flag, captain, thanks, football, great, looking, putting, group, near",0,6,0,1,0.0,0.0,0.0,0.0,0.0,0.0,0.0,0.0,7879.0,7879.0,799.0,0.0,2530.73,256.46,730025.86,580.0
RD41,,Family Secrets,,"name, last, want, one, know, think, time, everything, family, tell",0,11,0,1,0.0,0.0,0.0,0.0,0.0,0.0,0.0,0.0,21849.0,21849.0,1478.0,0.0,5213.75,503.31,1403435.68,1062.0
RD42,,French Artist,,"tub, painter, laundress, washerwoman, artist, french, illustrator, artwork, graphic, british",0,16,0,1,0.0,0.0,0.0,0.0,0.0,0.0,0.0,0.0,50434.0,50434.0,3791.0,0.0,12743.4,1032.2,2814103.53,1550.0
RD43,,Pritzkers Independence,,"couch, decade, regardless, pritzker, bright, predominantly, gapping, excuse, independence, dump",0,4,0,1,0.0,0.0,0.0,0.0,0.0,0.0,0.0,0.0,2678.0,2678.0,349.0,0.0,1124.0,108.25,387196.51,388.0
RD45,,Mountaineer Risk,,"body, retrieved, expedition, location, risk, dead, mountaineer, remote, dangerous, removed",0,4,0,1,0.0,0.0,0.0,0.0,0.0,0.0,0.0,0.0,17291.0,17291.0,801.0,0.0,4364.35,231.55,3348750.4499999997,382.0
RD47,,WNBA Expansion,,"next, philadelphia, wnba, detroit, cleveland, join, season, league, governor, approval",0,8,0,1,0.0,0.0,0.0,0.0,0.0,0.0,0.0,0.0,54244.0,54244.0,1243.0,0.0,8760.76,194.45,6856721.15,775.0
RD48,,American Guitar Mastery,,"best, ship, america, ago, posting, one, first, anything, guitar, draw",0,10,0,1,0.0,0.0,0.0,0.0,0.0,0.0,0.0,0.0,8597.0,8597.0,945.0,0.0,2687.89,273.46999999999997,1042657.89,967.0
RD49,,Personal Identity,,"name, last, know, want, game, body, one, nurse, mql, think",0,9,0,1,0.0,0.0,0.0,0.0,0.0,0.0,0.0,0.0,123590.0,123590.0,3759.0,0.0,18873.37,763.01,9104915.17,861.0
RD52,,Seasonal Struggles,,"season, despite, much, first, add, real, big, last, fact, pity",0,11,0,1,0.0,0.0,0.0,0.0,0.0,0.0,0.0,0.0,43255.0,43255.0,2844.0,0.0,5338.25,728.19,6853647.83,1045.0
RD53,,Pixel Art Crafting,,"making, blanket, und, prefer, art, pixel, der, die, crocheted, logo",0,3,0,1,0.0,0.0,0.0,0.0,0.0,0.0,0.0,0.0,2487.0,2487.0,413.0,0.0,720.6,107.6,1377279.84,290.0
RD54,,Feminine Pride,,"pride, para, people, game, feminine, last, want, day, existence, thing",0,7,0,1,0.0,0.0,0.0,0.0,0.0,0.0,0.0,0.0,11698.0,11698.0,1291.0,0.0,2536.9,310.56,858872.9199999999,668.0
RD55,,Strong Protection,,"boy, rare, plot, strong, protecting, girl, protected, character, woman, young",0,2,0,1,0.0,0.0,0.0,0.0,0.0,0.0,0.0,0.0,8155.0,8155.0,4097.0,0.0,1038.33,662.11,298318.41000000003,170.0
RD57,,Fighting Hate Together,,"hate, humanity, anti, watching, remember, let, bring, place, rather, together",0,11,0,1,0.0,0.0,0.0,0.0,0.0,0.0,0.0,0.0,17501.0,17501.0,1394.0,0.0,5063.17,377.84,3454489.23,1073.0
RD58,,Pride and Politics,,"pride, want, para, game, people, pose, queer, last, political, day",0,5,0,1,0.0,0.0,0.0,0.0,0.0,0.0,0.0,0.0,9447.0,9447.0,2017.0,0.0,3040.5,693.8399999999999,1162014.08,474.0
RD59,,Texas Race Weekend,,"time, yesterday, finished, texas, first, leave, state, pac, lando, mclaren",0,3,0,1,0.0,0.0,0.0,0.0,0.0,0.0,0.0,0.0,6123.0,6123.0,295.0,0.0,2116.33,117.33,4030704.66,295.0
RD61,,Love and Redemption,,"girl, love, game, arthur, spoiler, rdr, kind, never, got, god",0,6,0,1,0.0,0.0,0.0,0.0,0.0,0.0,0.0,0.0,8532.0,8532.0,822.0,0.0,1770.55,178.34,260475.17,580.0
RD62,,Dark Money Politics,,"dark, political, ban, noem, sub, money, income, propublica, donation, kristi",0,7,0,1,0.0,0.0,0.0,0.0,0.0,0.0,0.0,0.0,12093.0,12093.0,914.0,0.0,2566.45,245.82,922706.26,661.0
RD64,,Election Security,,"voting, machine, election, harris, state, recount, vote, code, hacked, defcon",0,1,0,1,0.0,0.0,0.0,0.0,0.0,0.0,0.0,0.0,1096.0,1096.0,333.0,0.0,182.67,55.5,36362.2,99.0
RD66,,Marine Art,,"marine, space, thing, printed, entire, one, hour, painting, average, really",0,1,0,1,0.0,0.0,0.0,0.0,0.0,0.0,0.0,0.0,712.0,712.0,18.0,0.0,118.67,3.0,17641.12,99.0
RD67,,Community Tension,,"put, cassian, someone, hesitate, last, scene, happening, community, result, human",0,2,0,1,0.0,0.0,0.0,0.0,0.0,0.0,0.0,0.0,9404.0,9404.0,704.0,0.0,758.93,98.94,166212.58,184.0
RD68,,Pritzkers Bright Decade,,"couch, decade, regardless, pritzker, bright, predominantly, gapping, excuse, independence, dump",0,5,0,1,0.0,0.0,0.0,0.0,0.0,0.0,0.0,0.0,20053.0,20053.0,10882.0,0.0,3564.87,2088.16,873260.25,458.0
RD69,,Supreme Court Answers,,"court, answer, supreme, going, feel, answered, well, sound, keep, day",0,3,0,1,0.0,0.0,0.0,0.0,0.0,0.0,0.0,0.0,8607.0,8607.0,265.0,0.0,1540.88,61.0,752632.17,291.0
RD70,,WNBA Teams,,"wnba, cleveland, philadelphia, team, year, detroit, time, nba, league, hour",0,8,0,1,0.0,0.0,0.0,0.0,0.0,0.0,0.0,0.0,37690.0,37690.0,1657.0,0.0,7628.05,367.97,1064089.44,782.0
RD71,,Venomous Thoughts,,"got, finger, gave, saw, year, picked, still, think, venom, anti",0,4,0,1,0.0,0.0,0.0,0.0,0.0,0.0,0.0,0.0,8673.0,8673.0,492.0,0.0,2063.0,194.67000000000002,162823.80000000002,390.0
RD72,,Friend Interviews,,"say, apple, even, really, question, friend, amp, little, got, interview",0,3,0,1,0.0,0.0,0.0,0.0,0.0,0.0,0.0,0.0,30158.0,30158.0,729.0,0.0,3617.0,84.89,2527582.87,293.0
RD73,,Trumps Senate Allies,,"trump, president, tillis, street, north, senate, sunday, gop, sen, would",0,3,0,1,0.0,0.0,0.0,0.0,0.0,0.0,0.0,0.0,20971.0,20971.0,537.0,0.0,2417.48,62.58,435504.06,293.0
RD74,,Family Time,,"name, set, last, year, know, kid, family, went, time, husband",0,3,0,1,0.0,0.0,0.0,0.0,0.0,0.0,0.0,0.0,3754.0,3754.0,214.0,0.0,732.7,39.53,337999.82,287.0
RD76,,Trumps Parenting Options,,"house, trump, vet, option, would, able, cat, people, president, parent",0,3,0,1,0.0,0.0,0.0,0.0,0.0,0.0,0.0,0.0,3777.0,3777.0,461.0,0.0,625.85,87.28,301682.77999999997,293.0
RD77,,Glastonbury Dogs,,"dog, got, half, glastonbury, bob, vylan, pup, right, want, shit",0,29,0,1,0.0,0.0,0.0,0.0,0.0,0.0,0.0,0.0,101838.0,101838.0,4696.0,0.0,18041.9,1346.27,7970175.399999999,2802.0
RD78,,Propaganda in Academia,,"que, propaganda, academia, literally, saude, pra, por, suspicious, throw, work",0,16,0,1,0.0,0.0,0.0,0.0,0.0,0.0,0.0,0.0,53595.0,53595.0,2981.0,0.0,16736.579999999998,800.02,3105117.25,1491.0
RD79,,Desire for Marriage,,"want, marriage, time, parent, important, feel, boyfriend, stay, really, expected",0,13,0,1,0.0,0.0,0.0,0.0,0.0,0.0,0.0,0.0,61975.0,61975.0,1194.0,0.0,19992.65,317.4,2049179.42,1254.0
RD80,,Efficient Editing,,"little, edit, sack, wipe, always, forward, sometimes, subreddit, squeezing, lean",0,3,0,1,0.0,0.0,0.0,0.0,0.0,0.0,0.0,0.0,4274.0,4274.0,117.0,0.0,822.76,26.79,841425.78,294.0
RD81,,Lasting Friendships,,"name, want, last, know, thing, friend, take, time, think, one",0,1,0,1,0.0,0.0,0.0,0.0,0.0,0.0,0.0,0.0,487.0,487.0,22.0,0.0,487.0,22.0,28735.39,100.0
RD82,,Parental Order,,"order, official, parent, law, age, nice, got, reddit, sent, praise",0,12,0,1,0.0,0.0,0.0,0.0,0.0,0.0,0.0,0.0,38077.0,38077.0,2576.0,0.0,7580.21,411.47,6075166.55,1167.0
RD83,,Artistic Portrayals,,"painter, true, laundress, artist, washerwoman, french, illustrator, russian, depicting, british",0,4,0,1,0.0,0.0,0.0,0.0,0.0,0.0,0.0,0.0,6658.0,6658.0,487.0,0.0,1208.06,65.84,132524.33000000002,381.0
RD84,,Shaggys Songs,,"sie, nie, song, shaggy, jest, would, tym, jesli, tylko, mnie",0,2,0,1,0.0,0.0,0.0,0.0,0.0,0.0,0.0,0.0,7200.0,7200.0,635.0,0.0,800.0,70.55,240557.49,186.0
RD85,,Family Struggles,,"child, wife, know, tired, dad, cannot, would, family, moved, month",0,3,0,1,0.0,0.0,0.0,0.0,0.0,0.0,0.0,0.0,2956.0,2956.0,1090.0,0.0,603.6600000000001,159.8,631082.58,272.0
RD86,,Personal Struggles,,"ich, und, hat, mich, nicht, bin, hab, mit, die, habe",0,5,0,1,0.0,0.0,0.0,0.0,0.0,0.0,0.0,0.0,15275.0,15275.0,1407.0,0.0,2069.05,236.12,3971196.02,483.0
RD88,,Eternal Equines,,"maybe, always, horse, ever, year, associate, decade, leg, met, land",0,2,0,1,0.0,0.0,0.0,0.0,0.0,0.0,0.0,0.0,2795.0,2795.0,209.0,0.0,592.92,38.17,434163.86,196.0
RD89,,Heat Wave Impact,,"pour, dans, plus, que, name, mais, est, sie, une, canicule",0,4,0,1,0.0,0.0,0.0,0.0,0.0,0.0,0.0,0.0,7042.0,7042.0,571.0,0.0,1728.23,145.53,177053.06,384.0
RD91,,London Football Rivalry,,"place, eze, camp, taking, also, keen, arsenal, crystal, afc, tottenham",0,2,0,1,0.0,0.0,0.0,0.0,0.0,0.0,0.0,0.0,5694.0,5694.0,369.0,0.0,891.89,54.77,671966.46,193.0
RD92,,Personal Identity,,"hat, und, ich, mich, nicht, das, mit, bin, die, hab",0,1,0,1,0.0,0.0,0.0,0.0,0.0,0.0,0.0,0.0,9324.0,9324.0,603.0,0.0,582.75,37.69,1574025.04,97.0
RD93,,Vendor Room,,"zca, mql, vendor, room, dressing, crucible, zct, slu, izcky, world",0,3,0,1,0.0,0.0,0.0,0.0,0.0,0.0,0.0,0.0,3255.0,3255.0,137.0,0.0,765.4200000000001,39.949999999999996,208233.11,295.0
RD96,,Post Year,,"post, original, year, paint, column, fill, boyfriend, well, used, swipe",0,10,0,1,0.0,0.0,0.0,0.0,0.0,0.0,0.0,0.0,94245.0,94245.0,4577.0,0.0,19545.5,1052.1,13005793.17,941.0
RD98,,Tattoo Tips,,"feel, full, point, tip, tattoo, london, gotten, fiance, idea, ups",0,3,0,1,0.0,0.0,0.0,0.0,0.0,0.0,0.0,0.0,2918.0,2918.0,97.0,0.0,618.9000000000001,20.5,309017.76,295.0
RD99,,Happy Tattoo Designs,,"tattoo, line, happy, design, overall, day, know, made, skin, likely",0,6,0,1,0.0,0.0,0.0,0.0,0.0,0.0,0.0,0.0,6331.0,6331.0,744.0,0.0,1641.5,205.92,804221.45,583.0
RD102,,Senate Floor Debate,,"bill, beautiful, big, officially, senate, senator, floor, additional, chuck, schumer",0,1,0,1,0.0,0.0,0.0,0.0,0.0,0.0,0.0,0.0,501.0,501.0,7.0,0.0,167.0,2.33,39913.62,99.0
RD103,,Fatal Stabbing in Michigan,,"woke, death, stabbed, nap, michigan, man, without, life, jailed, snack",0,28,0,1,0.0,0.0,0.0,0.0,0.0,0.0,0.0,0.0,44917.0,44917.0,3007.0,0.0,11892.31,791.5699999999999,9776072.72,2728.0
RD104,,Student Drone Videos,,"drone, student, social, puppet, four, youtube, aerial, underwater, vmpfzryak, propeller",0,9,0,1,0.0,0.0,0.0,0.0,0.0,0.0,0.0,0.0,34819.0,34819.0,693.0,0.0,3074.98,107.86,3481570.8700000006,867.0
RD105,,Socialist Billionaire,,"self, mamdani, billionaire, zohran, democratic, think, next, say, inequality, socialist",0,4,0,1,0.0,0.0,0.0,0.0,0.0,0.0,0.0,0.0,5746.0,5746.0,237.0,0.0,891.79,42.64,613938.73,393.0
RD106,,Hate Movie,,"run, fall, really, redditor, movie, hate, much, type, clearly, great",0,1,0,1,0.0,0.0,0.0,0.0,0.0,0.0,0.0,0.0,5928.0,5928.0,236.0,0.0,423.43,16.86,149800.87,96.0
RD107,,Relationship Expectations,,"want, marriage, parent, law, feel, boyfriend, time, moving, expected, together",0,7,0,1,0.0,0.0,0.0,0.0,0.0,0.0,0.0,0.0,18618.0,18618.0,532.0,0.0,5349.85,219.52,3036176.65,672.0
RD109,,German Pride,,"die, der, und, steht, auf, beim, fur, csd, auch, deutschen",0,5,0,1,0.0,0.0,0.0,0.0,0.0,0.0,0.0,0.0,7600.0,7600.0,579.0,0.0,1506.96,170.1,1805207.1600000001,483.0
RD115,,Busy Streets,,"old, day, today, finally, seen, june, amp, road, busy, walk",0,2,0,1,0.0,0.0,0.0,0.0,0.0,0.0,0.0,0.0,5101.0,5101.0,78.0,0.0,637.63,9.75,1621471.37,197.0
RD116,,Parental Medical Careers,,"dad, nurse, think, explain, asked, mom, hospital, fired, decided, knew",0,8,0,1,0.0,0.0,0.0,0.0,0.0,0.0,0.0,0.0,21794.0,21794.0,754.0,0.0,3013.01,114.47,966113.12,779.0
RD118,,Fandom Culture,,"meet, fan, let, exist, queen, wanna, weird, reason, suzie, drag",0,16,0,1,0.0,0.0,0.0,0.0,0.0,0.0,0.0,0.0,27644.0,27644.0,1457.0,0.0,5976.07,279.24,3697226.21,1545.0
RD119,,Work Hours,,"hour, time, would, driving, problem, minute, overtime, work, crew, back",0,3,0,1,0.0,0.0,0.0,0.0,0.0,0.0,0.0,0.0,1919.0,1919.0,177.0,0.0,860.9,66.65,111850.92,283.0
RD120,,Couch Mending,,"couch, year, picture, half, moved, mending, still, one, part, added",0,3,0,1,0.0,0.0,0.0,0.0,0.0,0.0,0.0,0.0,5884.0,5884.0,414.0,0.0,1357.32,97.5,68409.14,283.0
RD121,,Canadian Hockey Players,,"hockey, player, canada, season, number, play, registered, across, girl, woman",0,8,0,1,0.0,0.0,0.0,0.0,0.0,0.0,0.0,0.0,19188.0,19188.0,1567.0,0.0,4996.28,402.56,4983218.65,774.0
RD122,,Debunking Misinformation,,"red, party, fact, damn, believe, accurate, argument, fake, exceptionally, inconsistency",0,9,0,1,0.0,0.0,0.0,0.0,0.0,0.0,0.0,0.0,10881.0,10881.0,1513.0,0.0,3056.09,396.32,2676955.67,872.0
RD123,,Weird Humor,,"joke, never, else, sound, think, sense, really, anyone, weird, hope",0,1,0,1,0.0,0.0,0.0,0.0,0.0,0.0,0.0,0.0,2436.0,2436.0,762.0,0.0,1218.0,381.0,323390.96,92.0
RD126,,Night Game Excitement,,"game, crowd, trans, night, woman, sport, felt, coach, last, valkyrie",0,5,0,1,0.0,0.0,0.0,0.0,0.0,0.0,0.0,0.0,8057.0,8057.0,360.0,0.0,3108.75,103.5,2080170.24,492.0
RD127,,Printed Fun,,"use, ball, project, bearing, ordered, fun, send, print, accidentally, printed",0,12,0,1,0.0,0.0,0.0,0.0,0.0,0.0,0.0,0.0,19527.0,19527.0,1357.0,0.0,3433.72,427.31,1012290.25,1149.0
RD129,,Gaming Trends,,"game, still, already, couch, initiative, end, half, consumer, european, faq",0,2,0,1,0.0,0.0,0.0,0.0,0.0,0.0,0.0,0.0,3756.0,3756.0,66.0,0.0,562.83,9.86,54305.310000000005,196.0
RD130,,Upcoming Defense Season,,"defense, crafted, supercell, upcoming, later, inside, fear, hut, coming, season",0,11,0,1,0.0,0.0,0.0,0.0,0.0,0.0,0.0,0.0,45509.0,45509.0,1173.0,0.0,7631.47,281.4,1458051.35,1046.0
RD131,,Family Car Troubles,,"family, car, anything, lot, july, bought, hate, cleared, debt, recently",0,7,0,1,0.0,0.0,0.0,0.0,0.0,0.0,0.0,0.0,58253.0,58253.0,1682.0,0.0,8278.77,260.1,1901686.77,686.0
RD132,,Personal Relationships,,"name, want, last, know, think, people, family, work, one, everything",0,4,0,1,0.0,0.0,0.0,0.0,0.0,0.0,0.0,0.0,14793.0,14793.0,238.0,0.0,1367.49,27.59,1030554.81,391.0
RD133,,Terrain Building,,"box, built, another, terrain, bug, mostly, game, made, laser, junk",0,7,0,1,0.0,0.0,0.0,0.0,0.0,0.0,0.0,0.0,31706.0,31706.0,806.0,0.0,2876.72,96.69,778961.5,659.0
RD134,,WNBA Teams,,"three, thrilled, detroit, wnba, philadelphia, woman, cleveland, team, year, next",0,6,0,1,0.0,0.0,0.0,0.0,0.0,0.0,0.0,0.0,4846.0,4846.0,189.0,0.0,1210.3700000000001,44.269999999999996,179388.23,586.0
RD138,,Winning Strategies,,"day, perfect, win, set, rich, french, point, million, shrug, tiebreak",0,6,0,1,0.0,0.0,0.0,0.0,0.0,0.0,0.0,0.0,48454.0,48454.0,1549.0,0.0,10153.86,431.9,3746440.85,576.0
RD139,,Assassination Mission,,"archimedea, deep, studio, take, thorough, assassination, mission, issue, assess, swap",0,2,0,1,0.0,0.0,0.0,0.0,0.0,0.0,0.0,0.0,15767.0,15767.0,598.0,0.0,1808.3,212.2,1241141.73,172.0
RD140,,Personal Identity,,"name, last, know, want, time, one, talk, everything, thing, take",0,6,0,1,0.0,0.0,0.0,0.0,0.0,0.0,0.0,0.0,19522.0,19522.0,633.0,0.0,1975.12,60.370000000000005,876931.15,586.0
RD141,,Gaming Love,,"people, love, xbox, little, made, nintendo, mario, issue, company, make",0,15,0,1,0.0,0.0,0.0,0.0,0.0,0.0,0.0,0.0,40854.0,40854.0,1881.0,0.0,6724.24,389.39,2350685.8000000003,1447.0
RD143,,Work Hours,,"hour, time, driving, would, work, job, staff, crew, overtime, email",0,3,0,1,0.0,0.0,0.0,0.0,0.0,0.0,0.0,0.0,3768.0,3768.0,245.0,0.0,1850.3,129.3,266260.42,294.0
RD145,,Watering Plants,,"shower, water, reach, plant, snake, window, enough, large, light, flower",0,3,0,1,0.0,0.0,0.0,0.0,0.0,0.0,0.0,0.0,3199.0,3199.0,111.0,0.0,784.9200000000001,31.67,361595.68,294.0
RD146,,WNBA Teams,,"team, wnba, cleveland, detroit, philadelphia, year, league, five, crazy, drawer",0,1,0,1,0.0,0.0,0.0,0.0,0.0,0.0,0.0,0.0,2054.0,2054.0,119.0,0.0,293.43,17.0,14988.06,98.0
RD147,,CSD Attendees,,"und, ich, die, der, steht, auf, csd, sie, auch, beim",0,2,0,1,0.0,0.0,0.0,0.0,0.0,0.0,0.0,0.0,2532.0,2532.0,235.0,0.0,600.4,59.129999999999995,314696.54000000004,190.0
RD148,,Awkward Jokes,,"sound, make, joke, awkward, really, never, sense, end, casacree, cranak",0,1,0,1,0.0,0.0,0.0,0.0,0.0,0.0,0.0,0.0,570.0,570.0,55.0,0.0,285.0,27.5,79253.99,99.0
RD149,,User MOC Instructions,,"user, rebrickable, using, gogglez, mocs, instruction, lego, included, day, made",0,3,0,1,0.0,0.0,0.0,0.0,0.0,0.0,0.0,0.0,5959.0,5959.0,929.0,0.0,1270.53,138.60999999999999,418409.49,265.0
RD150,,Strangers Album,,"guy, little, rent, image, one, album, stranger, much, dog, day",0,1,0,1,0.0,0.0,0.0,0.0,0.0,0.0,0.0,0.0,1219.0,1219.0,80.0,0.0,152.38,10.0,245434.15,88.0
RD151,,Birthday Celebration,,"pride, birthday, theme, color, makeup, three, wish, year, cake, attempt",0,2,0,1,0.0,0.0,0.0,0.0,0.0,0.0,0.0,0.0,5191.0,5191.0,133.0,0.0,643.3299999999999,32.269999999999996,267648.42,195.0
RD152,,Noisy Sleep Habits,,"sleep, crack, cricket, starting, night, would, loud, dropped, smile, sound",0,4,0,1,0.0,0.0,0.0,0.0,0.0,0.0,0.0,0.0,11045.0,11045.0,1245.0,0.0,2230.85,352.3,5637425.64,376.0
RD154,,Remembering Dad,,"found, passed, away, note, raincoat, dad, memory, pair, amazing, using",0,7,0,1,0.0,0.0,0.0,0.0,0.0,0.0,0.0,0.0,8465.0,8465.0,588.0,0.0,1830.16,97.38000000000001,2517286.27,677.0
RD155,,Team Communication,,"call, hell, cat, around, team, earbuds, talking, message, heard, minute",0,10,0,1,0.0,0.0,0.0,0.0,0.0,0.0,0.0,0.0,22638.0,22638.0,1434.0,0.0,6676.11,454.77,4033563.5300000003,958.0
RD157,,Performance Roadmap,,"amp, three, canada, europe, ask, covering, anything, road, utu, performance",0,21,0,1,0.0,0.0,0.0,0.0,0.0,0.0,0.0,0.0,65580.0,65580.0,5373.0,0.0,12709.46,974.44,10084608.83,2000.0
RD158,,Mobile Gaming,,"inc, game, plague, mobile, even, people, hobby, almost, white, went",0,7,0,1,0.0,0.0,0.0,0.0,0.0,0.0,0.0,0.0,18669.0,18669.0,486.0,0.0,2511.15,76.89,3329809.97,668.0
RD159,,Election Hacking,,"machine, harris, voting, vote, recount, election, state, hacked, defcon, let",0,9,0,1,0.0,0.0,0.0,0.0,0.0,0.0,0.0,0.0,18302.0,18302.0,2369.0,0.0,4127.55,320.88,2593977.75,864.0
RD160,,Vaders Redemption,,"want, season, series, show, vader, make, true, even, wish, forgiven",0,8,0,1,0.0,0.0,0.0,0.0,0.0,0.0,0.0,0.0,23055.0,23055.0,1660.0,0.0,3964.8,290.76,554283.25,763.0
RD161,,Proof of Concept,,"proof, inc, plague, game, making, steam, mobile, report, time, started",0,8,0,1,0.0,0.0,0.0,0.0,0.0,0.0,0.0,0.0,24832.0,24832.0,379.0,0.0,4220.59,84.21000000000001,689974.45,787.0
RD162,,German Parliament,,"die, und, der, auf, steht, auch, bundestag, sie, csd, beim",0,16,0,1,0.0,0.0,0.0,0.0,0.0,0.0,0.0,0.0,47385.0,47385.0,2009.0,0.0,15646.18,702.71,6464156.13,1547.0
RD163,,Modern Furniture,,"couch, decade, regardless, pritzker, bright, predominantly, gapping, excuse, independence, dump",0,9,0,1,0.0,0.0,0.0,0.0,0.0,0.0,0.0,0.0,39655.0,39655.0,701.0,0.0,7824.33,176.25,4394550.37,873.0
RD164,,Disney Pay Dispute,,"pay, disney, must, case, female, employee, title, less, settlement, million",0,3,0,1,0.0,0.0,0.0,0.0,0.0,0.0,0.0,0.0,4644.0,4644.0,764.0,0.0,1496.07,231.43,1583532.3099999998,291.0
RD166,,Fabric Crafting,,"scale, skirt, onto, dress, used, piece, fabric, making, make, material",0,7,0,1,0.0,0.0,0.0,0.0,0.0,0.0,0.0,0.0,13713.0,13713.0,677.0,0.0,2011.93,117.19,541785.31,659.0
RD167,,Pritzkers Independence,,"couch, decade, regardless, pritzker, bright, predominantly, gapping, excuse, independence, dump",0,2,0,1,0.0,0.0,0.0,0.0,0.0,0.0,0.0,0.0,1272.0,1272.0,193.0,0.0,398.7,59.0,308969.57,193.0
RD168,,Hilarious Moments,,"funny, one, item, irl, text, way, seen, ever, name, funniest",0,2,0,1,0.0,0.0,0.0,0.0,0.0,0.0,0.0,0.0,8703.0,8703.0,388.0,0.0,2273.67,84.66,617132.19,193.0
RD169,,First Drive,,"national, coming, grand, first, drive, scary, speed, know, want, thing",0,1,0,1,0.0,0.0,0.0,0.0,0.0,0.0,0.0,0.0,457.0,457.0,20.0,0.0,152.33,6.67,158335.27,98.0
RD170,,New Life,,"der, leben, spurbar, wie, ihr, fox, euer, die, neue, jahre",0,3,0,1,0.0,0.0,0.0,0.0,0.0,0.0,0.0,0.0,3202.0,3202.0,147.0,0.0,884.5,40.36,2425695.11,294.0
RD172,,LGBTQ+ Rights,,"right, gay, whole, community, pride, school, police, say, carry, constitutional",0,2,0,1,0.0,0.0,0.0,0.0,0.0,0.0,0.0,0.0,3709.0,3709.0,188.0,0.0,713.0699999999999,33.129999999999995,444503.8,186.0
RD173,,Artistic Improvement,,"doe, art, know, anyone, really, shirt, prefer, making, improve, pixel",0,8,0,1,0.0,0.0,0.0,0.0,0.0,0.0,0.0,0.0,11111.0,11111.0,576.0,0.0,3034.6,301.75,1025010.6799999999,777.0
RD174,,Unbreakable Internet,,"service, internet, indestructible, upset, people, love, joy, mario, think, switch",0,6,0,1,0.0,0.0,0.0,0.0,0.0,0.0,0.0,0.0,6599.0,6599.0,332.0,0.0,1319.07,67.07000000000001,612634.31,586.0
RD176,,American Healthcare,,"senator, working, people, bill, cut, defense, crafted, american, healthcare, state",0,2,0,1,0.0,0.0,0.0,0.0,0.0,0.0,0.0,0.0,11955.0,11955.0,106.0,0.0,2899.83,25.83,639628.87,192.0
RD178,,Nintendo Love,,"people, mario, love, nintendo, little, switch, made, stick, company, feel",0,8,0,1,0.0,0.0,0.0,0.0,0.0,0.0,0.0,0.0,19921.0,19921.0,961.0,0.0,3639.12,192.7,2309834.27,780.0
RD179,,Global Happiness,,"world, made, everyone, posted, smile, willis, responds, show, instagram, day",0,28,0,1,0.0,0.0,0.0,0.0,0.0,0.0,0.0,0.0,91216.0,91216.0,6870.0,0.0,15890.5,1433.85,7870915.58,2675.0
RD180,,Realistic Gaming,,"real, life, realistic, donkers, kinda, art, style, game, world, make",0,7,0,1,0.0,0.0,0.0,0.0,0.0,0.0,0.0,0.0,44601.0,44601.0,530.0,0.0,4944.889999999999,74.39,257117.51,678.0
RD181,,Marriage Tomorrow,,"card, tomorrow, want, marriage, parent, feel, really, law, together, said",0,5,0,1,0.0,0.0,0.0,0.0,0.0,0.0,0.0,0.0,76804.0,76804.0,754.0,0.0,7069.02,89.09,4970025.319999999,488.0
RD182,,Manchester Mondays,,"instagram, monday, neighborhood, manchester, happy, think, often, day, colored, alive",0,14,0,1,0.0,0.0,0.0,0.0,0.0,0.0,0.0,0.0,63629.0,63629.0,5045.0,0.0,10214.97,964.19,4788088.3,1353.0
RD184,,Local Pizza Lovers,,"man, pizza, sure, lady, enjoy, guy, overheard, staff, local, pointing",0,3,0,1,0.0,0.0,0.0,0.0,0.0,0.0,0.0,0.0,7923.0,7923.0,138.0,0.0,1365.93,26.759999999999998,540071.65,290.0
RD188,,Chinas Large Ekranoplan,,"build, powered, honest, china, large, jet, ekranoplan, effect, ground, coastline",0,32,0,1,0.0,0.0,0.0,0.0,0.0,0.0,0.0,0.0,65499.0,65499.0,4480.0,0.0,15822.25,1310.67,8115570.659999999,3096.0
RD190,,Baby Care Joy,,"baby, care, favorite, elephant, joy, credit, give, dream, milk, taken",0,3,0,1,0.0,0.0,0.0,0.0,0.0,0.0,0.0,0.0,5044.0,5044.0,574.0,0.0,965.25,69.25,296228.19,291.0
RD192,,Interactive Gaming,,"game, screen, still, initiative, end, consumer, goal, require, european, movement",0,2,0,1,0.0,0.0,0.0,0.0,0.0,0.0,0.0,0.0,3278.0,3278.0,331.0,0.0,604.9200000000001,69.58,2644682.91,188.0
RD193,,Tinkering Work,,"work, status, photo, kisaragi, seems, tinkering, machine, year, something, another",0,18,0,1,0.0,0.0,0.0,0.0,0.0,0.0,0.0,0.0,47452.0,47452.0,3250.0,0.0,7006.55,850.41,8611463.790000001,1740.0
RD195,,Trumps Senate Threat,,"trump, president, tillis, gop, senate, sen, threat, risk, sunday, vote",0,5,0,1,0.0,0.0,0.0,0.0,0.0,0.0,0.0,0.0,27114.0,27114.0,2227.0,0.0,3574.7,336.39,2021728.41,473.0
RD196,,Psychedelic Adventure,,"guy, really, bro, took, told, trip, mushroom, acid, love, little",0,4,0,1,0.0,0.0,0.0,0.0,0.0,0.0,0.0,0.0,8694.0,8694.0,845.0,0.0,1275.8899999999999,96.5,205647.16999999998,394.0
RD198,,Federal Workforce,,"people, couch, work, treated, year, federal, rest, working, workforce, pay",0,1,0,1,0.0,0.0,0.0,0.0,0.0,0.0,0.0,0.0,970.0,970.0,161.0,0.0,242.5,40.25,764153.39,96.0
RD199,,Car Warranty,,"car, warranty, year, vin, dealer, salesman, factory, make, trim, dealership",0,1,0,1,0.0,0.0,0.0,0.0,0.0,0.0,0.0,0.0,804.0,804.0,165.0,0.0,134.0,27.5,41787.17,97.0
