topic,total_engagement,doc_count,top_words
72.0,164605,36,"['trump', 'israel', 'iran', 'thought', 'ceasefire', 'know', 'playing', 'idk', 'ya', 'like']"
144.0,129215,11,"['day', 'hand', 'baby', 'two', 'around', 'move', 'may', 'big', 'thought', 'got']"
103.0,125500,9,"['car', 'lol', 'almost', 'model', 'ended', 'found', 'rest', 'get', 'color', 'see']"
97.0,111000,25,"['first', 'time', 'make', 'favorite', 'see', 'series', 'charge', 'one', 'immediately', 'war']"
153.0,80462,14,"['made', 'never', 'least', 'cake', 'color', 'coffee', 'still', 'light', 'year', 'link']"
172.0,71475,8,"['ice', 'agent', 'post', 'video', 'reddit', 'like', 'http', 'com', 'earlier', 'car']"
1.0,66345,6,"['shot', 'yesterday', 'seen', 'made', 'time', 'first', 'think', 'ever', 'question', 'going']"
141.0,64465,9,"['peace', 'home', 'purple', 'child', 'also', 'crazy', 'back', 'finally', 'telling', 'community']"
145.0,64320,10,"['trump', 'story', 'donald', 'country', 'always', 'people', 'news', 'know', 'year', 'around']"
185.0,63171,17,"['guy', 'top', 'point', 'remember', 'either', 'like', 'look', 'name', 'love', 'already']"
150.0,61973,26,"['new', 'war', 'texas', 'california', 'trump', 'full', 'green', 'power', 'u', 'strike']"
171.0,55917,9,"['know', 'oc', 'let', 'sharing', 'design', 'also', 'want', 'feel', 'think', 'see']"
162.0,52269,10,"['screen', 'switch', 'bad', 'camera', 'saved', 'people', 'try', 'phone', 'see', 'opinion']"
38.0,52142,12,"['look', 'woman', 'people', 'service', 'men', 'matter', 'many', 'found', 'find', 'case']"
198.0,51733,11,"['character', 'life', 'different', 'completely', 'give', 'people', 'time', 'two', 'guess', 'etc']"
123.0,49292,16,"['good', 'moment', 'god', 'meet', 'army', 'oh', 'pretty', 'job', 'took', 'someone']"
60.0,49063,10,"['thank', 'amp', 'started', 'ring', 'local', 'side', 'lt', 'looking', 'called', 'think']"
83.0,48136,10,"['maybe', 'shit', 'gym', 'season', 'fit', 'older', 'wonder', 'next', 'using', 'stay']"
180.0,46734,7,"['photo', 'eye', 'star', 'night', 'set', 'hour', 'around', 'one', 'day', 'camera']"
156.0,45865,13,"['found', 'big', 'update', 'ball', 'foot', 'kitten', 'space', 'pic', 'like', 'first']"
96.0,45694,8,"['someone', 'another', 'real', 'posted', 'seen', 'group', 'thing', 'time', 'feel', 'lucky']"
129.0,43029,9,"['cool', 'one', 'extra', 'like', 'said', 'two', 'basically', 'used', 'anything', 'take']"
85.0,41575,22,"['http', 'www', 'com', 'th', 'art', 'new', 'york', 'youtube', 'back', 'nyc']"
160.0,40169,11,"['http', 'com', 'show', 'president', 'result', 'pm', 'real', 'let', 'getting', 'right']"
134.0,37525,11,"['man', 'school', 'public', 'kid', 'may', 'go', 'ring', 'country', 'trump', 'always']"
124.0,35409,17,"['old', 'year', 'back', 'three', 'got', 'living', 'knew', 'needed', 'come', 'previous']"
3.0,34635,5,"['morning', 'work', 'went', 'people', 'took', 'yes', 'get', 'mind', 'like', 'week']"
84.0,34629,7,"['friend', 'action', 'fair', 'said', 'mean', 'taken', 'understand', 'dead', 'got', 'help']"
76.0,34568,9,"['year', 'look', 'problem', 'tough', 'amp', 'working', 'sent', 'life', 'president', 'way']"
136.0,33704,9,"['take', 'tell', 'think', 'tried', 'told', 'seriously', 'video', 'time', 'okay', 'look']"
139.0,33418,12,"['father', 'marine', 'wife', 'last', 'like', 'boy', 'without', 'cry', 'say', 'learned']"
182.0,31772,12,"['today', 'ever', 'second', 'stop', 'first', 'amp', 'literally', 'one', 'big', 'photo']"
39.0,31273,14,"['got', 'last', 'far', 'play', 'actually', 'keep', 'reason', 'age', 'never', 'everything']"
173.0,31017,10,"['would', 'said', 'people', 'heart', 'many', 'later', 'say', 'israeli', 'another', 'war']"
56.0,28150,7,"['go', 'gonna', 'head', 'get', 'take', 'every', 'ever', 'piece', 'around', 'without']"
37.0,27697,11,"['human', 'water', 'year', 'child', 'like', 'could', 'delete', 'know', 'kid', 'view']"
91.0,27453,6,"['get', 'back', 'gt', 'right', 'like', 'feel', 'world', 'know', 'watching', 'led']"
118.0,24856,3,"['guess', 'soon', 'help', 'get', 'phone', 'still', 'call', 'kind', 'know', 'plan']"
16.0,23853,5,"['call', 'believe', 'attempt', 'deep', 'decided', 'felt', 'received', 'cat', 'community', 'every']"
25.0,23823,9,"['cover', 'official', 'idea', 'like', 'game', 'time', 'special', 'since', 'decided', 'two']"
26.0,22976,12,"['looked', 'like', 'away', 'next', 'much', 'time', 'mom', 'really', 'said', 'watch']"
34.0,22493,10,"['light', 'image', 'control', 'blue', 'right', 'gt', 'detail', 'area', 'pro', 'currently']"
40.0,22250,11,"['came', 'first', 'used', 'life', 'super', 'also', 'picture', 'instead', 'medium', 'love']"
193.0,20393,7,"['credit', 'saw', 'possible', 'like', 'http', 'www', 'com', 'take', 'never', 'even']"
88.0,20012,6,"['ai', 'status', 'big', 'use', 'practice', 'like', 'want', 'clean', 'bring', 'passed']"
36.0,18876,6,"['say', 'missing', 'want', 'told', 'girlfriend', 'spot', 'half', 'never', 'like', 'said']"
152.0,18496,2,"['inside', 'case', 'new', 'also', 'want', 'open', 'way', 'previous', 'one', 'come']"
140.0,18235,5,"['news', 'tv', 'welcome', 'asked', 'know', 'around', 'want', 'bought', 'like', 'fuck']"
137.0,18175,5,"['america', 'message', 'summer', 'view', 'road', 'trump', 'like', 'really', 'would', 'get']"
23.0,17683,9,"['need', 'happy', 'together', 'everyone', 'straight', 'pride', 'line', 'left', 'time', 'energy']"
73.0,17348,9,"['da', 'die', 'team', 'al', 'sorry', 'etc', 'name', 'know', 'else', 'would']"
100.0,16942,8,"['come', 'else', 'find', 'anyone', 'bug', 'sure', 'career', 'place', 'right', 'room']"
143.0,16661,6,"['feel', 'body', 'anymore', 'funny', 'lot', 'back', 'hate', 'started', 'like', 'gym']"
17.0,16305,12,"['girl', 'well', 'little', 'great', 'come', 'really', 'know', 'deal', 'old', 'want']"
6.0,15920,6,"['enough', 'told', 'ever', 'even', 'one', 'woman', 'maybe', 'wrong', 'want', 'guy']"
154.0,14974,7,"['u', 'since', 'happened', 'street', 'nobody', 'talking', 'showing', 'early', 'month', 'support']"
117.0,14640,8,"['best', 'switch', 'trying', 'better', 'world', 'notice', 'issue', 'people', 'looking', 'talking']"
112.0,14447,7,"['walk', 'ago', 'get', 'able', 'boy', 'baby', 'without', 'ended', 'took', 'seeing']"
197.0,14441,6,"['something', 'fuck', 'looking', 'straight', 'like', 'since', 'time', 'first', 'look', 'around']"
183.0,13930,7,"['city', 'zohran', 'york', 'hour', 'new', 'amp', 'today', 'make', 'day', 'want']"
178.0,13582,6,"['end', 'reminder', 'game', 'also', 'final', 'rule', 'already', 'http', 'like', 'one']"
9.0,13582,10,"['still', 'like', 'day', 'everywhere', 'nothing', 'never', 'feel', 'year', 'shared', 'working']"
71.0,13055,9,"['love', 'black', 'dark', 'white', 'like', 'definitely', 'really', 'color', 'get', 'need']"
186.0,12908,6,"['daughter', 'saying', 'asked', 'four', 'million', 'close', 'husband', 'first', 'including', 'time']"
90.0,12823,9,"['post', 'instagram', 'design', 'beautiful', 'piece', 'com', 'http', 'www', 'week', 'amazing']"
81.0,12491,9,"['food', 'brought', 'people', 'small', 'much', 'like', 'private', 'least', 'full', 'one']"
82.0,12325,5,"['done', 'player', 'go', 'one', 'made', 'without', 'told', 'went', 'also', 'started']"
68.0,11805,3,"['family', 'city', 'like', 'really', 'amp', 'think', 'go', 'school', 'one', 'kid']"
10.0,11616,6,"['get', 'right', 'gt', 'back', 'know', 'something', 'feel', 'come', 'like', 'time']"
119.0,11614,8,"['fan', 'way', 'use', 'thinking', 'like', 'work', 'could', 'around', 'video', 'using']"
163.0,11122,5,"['ai', 'like', 'want', 'get', 'ya', 'help', 'big', 'fuck', 'wrong', 'new']"
22.0,11002,3,"['built', 'obviously', 'bit', 'care', 'stupid', 'yes', 'much', 'lot', 'people', 'think']"
42.0,10203,4,"['cat', 'anything', 'like', 'reason', 'know', 'first', 'wrong', 'thanks', 'said', 'love']"
53.0,9714,10,"['game', 'live', 'wait', 'home', 'since', 'time', 'mom', 'month', 'used', 'alone']"
195.0,9371,4,"['every', 'husband', 'person', 'want', 'baby', 'single', 'laugh', 'found', 'speak', 'took']"
102.0,9179,8,"['one', 'gave', 'son', 'mother', 'told', 'asked', 'way', 'deserve', 'project', 'space']"
66.0,9171,3,"['said', 'dinner', 'told', 'like', 'got', 'trust', 'joke', 'already', 'one', 'car']"
189.0,9112,6,"['scene', 'based', 'death', 'video', 'shut', 'received', 'talk', 'never', 'still', 'around']"
110.0,8543,6,"['long', 'israeli', 'country', 'hope', 'share', 'road', 'beautiful', 'managed', 'gt', 'support']"
44.0,8447,4,"['really', 'type', 'kind', 'level', 'seen', 'seeing', 'proud', 'people', 'time', 'news']"
147.0,8187,4,"['yet', 'discovered', 'lived', 'also', 'guy', 'nobody', 'like', 'never', 'year', 'old']"
122.0,7611,9,"['thing', 'week', 'two', 'wrong', 'like', 'one', 'job', 'bag', 'stuff', 'without']"
74.0,7462,4,"['true', 'open', 'amp', 'post', 'character', 'make', 'http', 'way', 'com', 'break']"
52.0,7163,2,"['currently', 'area', 'light', 'detail', 'image', 'right', 'gt', 'control', 'left', 'camera']"
18.0,7113,3,"['mother', 'gave', 'son', 'hell', 'word', 'via', 'way', 'asked', 'told', 'body']"
21.0,6807,4,"['stupid', 'bit', 'think', 'much', 'obviously', 'lot', 'around', 'people', 'care', 'car']"
101.0,6578,2,"['process', 'happen', 'make', 'time', 'feel', 'issue', 'also', 'case', 'want', 'right']"
99.0,5454,2,"['give', 'girl', 'back', 'go', 'said', 'definitely', 'next', 'want', 'people', 'know']"
14.0,4578,3,"['give', 'change', 'back', 'hey', 'wanted', 'want', 'go', 'girl', 'ask', 'next']"
142.0,4426,3,"['order', 'please', 'number', 'community', 'model', 'color', 'deal', 'clean', 'link', 'support']"
176.0,3923,3,"['done', 'told', 'go', 'also', 'made', 'nothing', 'went', 'life', 'received', 'one']"
121.0,3432,2,"['anyone', 'moved', 'know', 'back', 'way', 'first', 'away', 'going', 'went', 'saw']"
165.0,3408,3,"['city', 'really', 'amp', 'go', 'like', 'think', 'family', 'one', 'lot', 'kid']"
15.0,3268,3,"['steam', 'coming', 'news', 'com', 'http', 'u', 'link', 'light', 'right', 'detail']"
61.0,3037,3,"['multiple', 'prize', 'lucky', 'turn', 'two', 'many', 'probably', 'name', 'seems', 'saw']"
12.0,3008,2,"['name', 'else', 'get', 'u', 'would', 'know', 'laugh', 'ever', 'issue', 'situation']"
13.0,2986,2,"['weight', 'year', 'energy', 'following', 'gt', 'much', 'working', 'almost', 'gym', 'light']"
69.0,2813,2,"['might', 'experience', 'add', 'without', 'fun', 'remove', 'way', 'nothing', 'many', 'check']"
94.0,2559,3,"['also', 'time', 'want', 'know', 'today', 'issue', 'right', 'feel', 'good', 'going']"
47.0,2527,3,"['reddit', 'comment', 'http', 'www', 'com', 'post', 'like', 'ice', 'earlier', 'agent']"
46.0,2523,2,"['wedding', 'name', 'else', 'get', 'know', 'laugh', 'u', 'would', 'really', 'love']"
4.0,2154,3,"['cut', 'plan', 'according', 'gt', 'across', 'job', 'video', 'three', 'past', 'com']"
196.0,1740,1,"['source', 'game', 'gt', 'good', 'see', 'really', 'back', 'normal', 'plan', 'two']"
116.0,1726,2,"['http', 'com', 'original', 'say', 'right', 'post', 'coming', 'www', 'time', 'video']"
63.0,1250,2,"['even', 'told', 'enough', 'one', 'ever', 'maybe', 'woman', 'want', 'said', 'break']"
128.0,817,1,"['going', 'article', 'get', 'go', 'six', 'made', 'dinner', 'work', 'back', 'month']"
57.0,658,1,"['room', 'would', 'cover', 'like', 'stay', 'house', 'door', 'color', 'photo', 'hand']"
