topic_num,topic_label,keywords,topic_count,is_youtube,is_reddit,reddit_ups,reddit_score,reddit_num_comments,reddit_total_awards_received,reddit_Upvote Velocity (Upvotes/Hour),reddit_Comment Velocity (Comments/Hour),reddit_Upvote-to-View Ratio (%),reddit_Upvote Ratio (%)
0,Car Salesman Stories,"puppet, camel, warranty, star, car, year, featuring, michael, salesman, vin",96,0,1,424595,424595,8815,0,63197.24,1689.95,26162840.55,9303.0
1,Satirical Commentary,"please, tell, mean, need, satire, according, also, professional, lemme, choice",9,0,1,18242,18242,1795,0,3708.41,312.29,630396.99,855.0
4,Car Rental,"year, car, still, rent, told, vin, guy, keep, little, dog",1,0,1,2284,2284,229,0,761.33,76.33,1537584.35,98.0
5,Getting to Know,"name, know, want, last, friend, everything, one, take, think, asked",4,0,1,43845,43845,637,0,7473.22,121.18,2303212.7399999998,384.0
8,LeBrons Absence,"without, mind, beat, together, lebron, missing, time, tumultuous, steve, nash",2,0,1,4394,4394,36,0,761.56,5.550000000000001,606244.91,195.0
9,Youthful Soldiers,"men, think, young, english, front, waiting, soldier, worse, weird, year",5,0,1,5860,5860,647,0,1260.9,111.55,1822469.09,492.0
11,Pritzkers Bright Decade,"couch, decade, regardless, pritzker, bright, predominantly, gapping, excuse, independence, dump",10,0,1,25940,25940,1890,0,4140.61,452.26,1131500.02,948.0
13,Work Hours,"hour, time, driving, would, work, crew, overtime, back, staff, early",3,0,1,8976,8976,1099,0,1398.67,246.93,248172.64,283.0
14,Gender Pay Gap,"gender, neumark, difference, pattern, expert, term, pay, billion, california, david",9,0,1,68595,68595,1394,0,14331.47,330.33,2390598.49,863.0
18,Personal Transformation,"became, got, quit, sober, today, fixed, lie, yoga, telling, back",10,0,1,37853,37853,3592,0,5600.02,598.3000000000001,4408998.77,952.0
19,Parenting Fatigue,"child, wife, know, month, feel, family, tired, cannot, would, sil",20,0,1,88649,88649,5602,0,17899.51,1403.36,9794390.74,1914.0
20,Starfield Release,"gonna, turn, fucking, one, made, starfield, hopefully, second, time, old",8,0,1,21798,21798,1611,0,6600.47,447.04,2124144.97,771.0
21,Bright Decade,"couch, decade, regardless, pritzker, bright, predominantly, gapping, excuse, independence, dump",5,0,1,4565,4565,199,0,1392.94,70.39,2004201.5399999998,489.0
22,Playing Tactics,"way, story, campaign, play, absolutely, playing, pistol, using, cry, far",6,0,1,34834,34834,1457,0,7671.77,336.02,1892408.5899999999,583.0
23,Family Beach Trip,"beach, say, kid, trip, baby, husband, kept, trust, family, mad",5,0,1,12913,12913,610,0,2611.62,148.45999999999998,1536689.6099999999,480.0
24,Pride in Existence,"shown, pride, people, game, para, want, know, thing, existence, feminine",2,0,1,5152,5152,69,0,941.67,14.0,186880.96,197.0
29,Everyday Essentials,"sıvıyag, recel, tutkal, kahraman, kıyafeti, seyler, sakin, nerden, balonlar, bir",4,0,1,6304,6304,321,0,1449.0,93.62,2145802.3,383.0
30,Palestinian Music Conflict,"music, palestinian, roast, chappelle, dave, silence, conflict, right, thenationalnews, khaleds",17,0,1,24616,24616,2126,0,7656.64,509.18,2367775.8699999996,1639.0
32,Parenting Struggles,"actually, hard, kid, people, anime, making, son, queer, lot, wall",1,0,1,443,443,25,0,221.5,12.5,21239.01,98.0
35,American Champion,"american, cut, senator, bill, quest, champion, year, working, fearless, draft",2,0,1,5377,5377,522,0,566.69,145.54,1173823.5699999998,184.0
36,Silent Election,"iran, quiet, stolen, right, silence, dave, chappelle, roast, palestinian, election",2,0,1,6620,6620,394,0,1578.25,73.17,694967.3200000001,194.0
37,Fighting Time,"take, planet, mama, multiple, war, time, fight, felix, trend, one",2,0,1,2276,2276,62,0,403.68,12.18,16825.63,193.0
38,Parliamentary Elections,"house, hardware, election, research, ourcommons, speaker, pierre, software, parl, campaign",5,0,1,35142,35142,671,0,4304.09,137.3,4817111.35,488.0
39,Navigating Censorship,"getting, step, trying, pull, censorship, ready, desert, developer, year, far",8,0,1,25896,25896,931,0,5289.66,240.76,1743167.57,757.0
40,Chicago Football,"chicago, flag, captain, thanks, football, great, looking, putting, group, near",6,0,1,7879,7879,799,0,2530.73,256.46,730025.86,580.0
41,Family Secrets,"name, last, want, one, know, think, time, everything, family, tell",11,0,1,21849,21849,1478,0,5213.75,503.31,1403435.68,1062.0
42,French Artist,"tub, painter, laundress, washerwoman, artist, french, illustrator, artwork, graphic, british",16,0,1,50434,50434,3791,0,12743.4,1032.2,2814103.53,1550.0
43,Pritzkers Independence,"couch, decade, regardless, pritzker, bright, predominantly, gapping, excuse, independence, dump",4,0,1,2678,2678,349,0,1124.0,108.25,387196.51,388.0
45,Mountaineer Risk,"body, retrieved, expedition, location, risk, dead, mountaineer, remote, dangerous, removed",4,0,1,17291,17291,801,0,4364.35,231.55,3348750.4499999997,382.0
47,WNBA Expansion,"next, philadelphia, wnba, detroit, cleveland, join, season, league, governor, approval",8,0,1,54244,54244,1243,0,8760.76,194.45,6856721.15,775.0
48,American Guitar Mastery,"best, ship, america, ago, posting, one, first, anything, guitar, draw",10,0,1,8597,8597,945,0,2687.89,273.46999999999997,1042657.89,967.0
49,Personal Identity,"name, last, know, want, game, body, one, nurse, mql, think",9,0,1,123590,123590,3759,0,18873.37,763.01,9104915.17,861.0
52,Seasonal Struggles,"season, despite, much, first, add, real, big, last, fact, pity",11,0,1,43255,43255,2844,0,5338.25,728.19,6853647.83,1045.0
53,Pixel Art Crafting,"making, blanket, und, prefer, art, pixel, der, die, crocheted, logo",3,0,1,2487,2487,413,0,720.6,107.6,1377279.84,290.0
54,Feminine Pride,"pride, para, people, game, feminine, last, want, day, existence, thing",7,0,1,11698,11698,1291,0,2536.9,310.56,858872.9199999999,668.0
55,Strong Protection,"boy, rare, plot, strong, protecting, girl, protected, character, woman, young",2,0,1,8155,8155,4097,0,1038.33,662.11,298318.41000000003,170.0
57,Fighting Hate Together,"hate, humanity, anti, watching, remember, let, bring, place, rather, together",11,0,1,17501,17501,1394,0,5063.17,377.84,3454489.23,1073.0
58,Pride and Politics,"pride, want, para, game, people, pose, queer, last, political, day",5,0,1,9447,9447,2017,0,3040.5,693.8399999999999,1162014.08,474.0
59,Texas Race Weekend,"time, yesterday, finished, texas, first, leave, state, pac, lando, mclaren",3,0,1,6123,6123,295,0,2116.33,117.33,4030704.66,295.0
61,Love and Redemption,"girl, love, game, arthur, spoiler, rdr, kind, never, got, god",6,0,1,8532,8532,822,0,1770.55,178.34,260475.17,580.0
62,Dark Money Politics,"dark, political, ban, noem, sub, money, income, propublica, donation, kristi",7,0,1,12093,12093,914,0,2566.45,245.82,922706.26,661.0
64,Election Security,"voting, machine, election, harris, state, recount, vote, code, hacked, defcon",1,0,1,1096,1096,333,0,182.67,55.5,36362.2,99.0
66,Marine Art,"marine, space, thing, printed, entire, one, hour, painting, average, really",1,0,1,712,712,18,0,118.67,3.0,17641.12,99.0
67,Community Tension,"put, cassian, someone, hesitate, last, scene, happening, community, result, human",2,0,1,9404,9404,704,0,758.93,98.94,166212.58,184.0
68,Pritzkers Bright Decade,"couch, decade, regardless, pritzker, bright, predominantly, gapping, excuse, independence, dump",5,0,1,20053,20053,10882,0,3564.87,2088.16,873260.25,458.0
69,Supreme Court Answers,"court, answer, supreme, going, feel, answered, well, sound, keep, day",3,0,1,8607,8607,265,0,1540.88,61.0,752632.17,291.0
70,WNBA Teams,"wnba, cleveland, philadelphia, team, year, detroit, time, nba, league, hour",8,0,1,37690,37690,1657,0,7628.05,367.97,1064089.44,782.0
71,Venomous Thoughts,"got, finger, gave, saw, year, picked, still, think, venom, anti",4,0,1,8673,8673,492,0,2063.0,194.67000000000002,162823.80000000002,390.0
72,Friend Interviews,"say, apple, even, really, question, friend, amp, little, got, interview",3,0,1,30158,30158,729,0,3617.0,84.89,2527582.87,293.0
73,Trumps Senate Allies,"trump, president, tillis, street, north, senate, sunday, gop, sen, would",3,0,1,20971,20971,537,0,2417.48,62.58,435504.06,293.0
74,Family Time,"name, set, last, year, know, kid, family, went, time, husband",3,0,1,3754,3754,214,0,732.7,39.53,337999.82,287.0
76,Trumps Parenting Options,"house, trump, vet, option, would, able, cat, people, president, parent",3,0,1,3777,3777,461,0,625.85,87.28,301682.77999999997,293.0
77,Glastonbury Dogs,"dog, got, half, glastonbury, bob, vylan, pup, right, want, shit",29,0,1,101838,101838,4696,0,18041.9,1346.27,7970175.399999999,2802.0
78,Propaganda in Academia,"que, propaganda, academia, literally, saude, pra, por, suspicious, throw, work",16,0,1,53595,53595,2981,0,16736.579999999998,800.02,3105117.25,1491.0
79,Desire for Marriage,"want, marriage, time, parent, important, feel, boyfriend, stay, really, expected",13,0,1,61975,61975,1194,0,19992.65,317.4,2049179.42,1254.0
80,Efficient Editing,"little, edit, sack, wipe, always, forward, sometimes, subreddit, squeezing, lean",3,0,1,4274,4274,117,0,822.76,26.79,841425.78,294.0
81,Lasting Friendships,"name, want, last, know, thing, friend, take, time, think, one",1,0,1,487,487,22,0,487.0,22.0,28735.39,100.0
82,Parental Order,"order, official, parent, law, age, nice, got, reddit, sent, praise",12,0,1,38077,38077,2576,0,7580.21,411.47,6075166.55,1167.0
83,Artistic Portrayals,"painter, true, laundress, artist, washerwoman, french, illustrator, russian, depicting, british",4,0,1,6658,6658,487,0,1208.06,65.84,132524.33000000002,381.0
84,Shaggys Songs,"sie, nie, song, shaggy, jest, would, tym, jesli, tylko, mnie",2,0,1,7200,7200,635,0,800.0,70.55,240557.49,186.0
85,Family Struggles,"child, wife, know, tired, dad, cannot, would, family, moved, month",3,0,1,2956,2956,1090,0,603.6600000000001,159.8,631082.58,272.0
86,Personal Struggles,"ich, und, hat, mich, nicht, bin, hab, mit, die, habe",5,0,1,15275,15275,1407,0,2069.05,236.12,3971196.02,483.0
88,Eternal Equines,"maybe, always, horse, ever, year, associate, decade, leg, met, land",2,0,1,2795,2795,209,0,592.92,38.17,434163.86,196.0
89,Heat Wave Impact,"pour, dans, plus, que, name, mais, est, sie, une, canicule",4,0,1,7042,7042,571,0,1728.23,145.53,177053.06,384.0
91,London Football Rivalry,"place, eze, camp, taking, also, keen, arsenal, crystal, afc, tottenham",2,0,1,5694,5694,369,0,891.89,54.77,671966.46,193.0
92,Personal Identity,"hat, und, ich, mich, nicht, das, mit, bin, die, hab",1,0,1,9324,9324,603,0,582.75,37.69,1574025.04,97.0
93,Vendor Room,"zca, mql, vendor, room, dressing, crucible, zct, slu, izcky, world",3,0,1,3255,3255,137,0,765.4200000000001,39.949999999999996,208233.11,295.0
96,Post Year,"post, original, year, paint, column, fill, boyfriend, well, used, swipe",10,0,1,94245,94245,4577,0,19545.5,1052.1,13005793.17,941.0
98,Tattoo Tips,"feel, full, point, tip, tattoo, london, gotten, fiance, idea, ups",3,0,1,2918,2918,97,0,618.9000000000001,20.5,309017.76,295.0
99,Happy Tattoo Designs,"tattoo, line, happy, design, overall, day, know, made, skin, likely",6,0,1,6331,6331,744,0,1641.5,205.92,804221.45,583.0
102,Senate Floor Debate,"bill, beautiful, big, officially, senate, senator, floor, additional, chuck, schumer",1,0,1,501,501,7,0,167.0,2.33,39913.62,99.0
103,Fatal Stabbing in Michigan,"woke, death, stabbed, nap, michigan, man, without, life, jailed, snack",28,0,1,44917,44917,3007,0,11892.31,791.5699999999999,9776072.72,2728.0
104,Student Drone Videos,"drone, student, social, puppet, four, youtube, aerial, underwater, vmpfzryak, propeller",9,0,1,34819,34819,693,0,3074.98,107.86,3481570.8700000006,867.0
105,Socialist Billionaire,"self, mamdani, billionaire, zohran, democratic, think, next, say, inequality, socialist",4,0,1,5746,5746,237,0,891.79,42.64,613938.73,393.0
106,Hate Movie,"run, fall, really, redditor, movie, hate, much, type, clearly, great",1,0,1,5928,5928,236,0,423.43,16.86,149800.87,96.0
107,Relationship Expectations,"want, marriage, parent, law, feel, boyfriend, time, moving, expected, together",7,0,1,18618,18618,532,0,5349.85,219.52,3036176.65,672.0
109,German Pride,"die, der, und, steht, auf, beim, fur, csd, auch, deutschen",5,0,1,7600,7600,579,0,1506.96,170.1,1805207.1600000001,483.0
115,Busy Streets,"old, day, today, finally, seen, june, amp, road, busy, walk",2,0,1,5101,5101,78,0,637.63,9.75,1621471.37,197.0
116,Parental Medical Careers,"dad, nurse, think, explain, asked, mom, hospital, fired, decided, knew",8,0,1,21794,21794,754,0,3013.01,114.47,966113.12,779.0
118,Fandom Culture,"meet, fan, let, exist, queen, wanna, weird, reason, suzie, drag",16,0,1,27644,27644,1457,0,5976.07,279.24,3697226.21,1545.0
119,Work Hours,"hour, time, would, driving, problem, minute, overtime, work, crew, back",3,0,1,1919,1919,177,0,860.9,66.65,111850.92,283.0
120,Couch Mending,"couch, year, picture, half, moved, mending, still, one, part, added",3,0,1,5884,5884,414,0,1357.32,97.5,68409.14,283.0
121,Canadian Hockey Players,"hockey, player, canada, season, number, play, registered, across, girl, woman",8,0,1,19188,19188,1567,0,4996.28,402.56,4983218.65,774.0
122,Debunking Misinformation,"red, party, fact, damn, believe, accurate, argument, fake, exceptionally, inconsistency",9,0,1,10881,10881,1513,0,3056.09,396.32,2676955.67,872.0
123,Weird Humor,"joke, never, else, sound, think, sense, really, anyone, weird, hope",1,0,1,2436,2436,762,0,1218.0,381.0,323390.96,92.0
126,Night Game Excitement,"game, crowd, trans, night, woman, sport, felt, coach, last, valkyrie",5,0,1,8057,8057,360,0,3108.75,103.5,2080170.24,492.0
127,Printed Fun,"use, ball, project, bearing, ordered, fun, send, print, accidentally, printed",12,0,1,19527,19527,1357,0,3433.72,427.31,1012290.25,1149.0
129,Gaming Trends,"game, still, already, couch, initiative, end, half, consumer, european, faq",2,0,1,3756,3756,66,0,562.83,9.86,54305.310000000005,196.0
130,Upcoming Defense Season,"defense, crafted, supercell, upcoming, later, inside, fear, hut, coming, season",11,0,1,45509,45509,1173,0,7631.47,281.4,1458051.35,1046.0
131,Family Car Troubles,"family, car, anything, lot, july, bought, hate, cleared, debt, recently",7,0,1,58253,58253,1682,0,8278.77,260.1,1901686.77,686.0
132,Personal Relationships,"name, want, last, know, think, people, family, work, one, everything",4,0,1,14793,14793,238,0,1367.49,27.59,1030554.81,391.0
133,Terrain Building,"box, built, another, terrain, bug, mostly, game, made, laser, junk",7,0,1,31706,31706,806,0,2876.72,96.69,778961.5,659.0
134,WNBA Teams,"three, thrilled, detroit, wnba, philadelphia, woman, cleveland, team, year, next",6,0,1,4846,4846,189,0,1210.3700000000001,44.269999999999996,179388.23,586.0
138,Winning Strategies,"day, perfect, win, set, rich, french, point, million, shrug, tiebreak",6,0,1,48454,48454,1549,0,10153.86,431.9,3746440.85,576.0
139,Assassination Mission,"archimedea, deep, studio, take, thorough, assassination, mission, issue, assess, swap",2,0,1,15767,15767,598,0,1808.3,212.2,1241141.73,172.0
140,Personal Identity,"name, last, know, want, time, one, talk, everything, thing, take",6,0,1,19522,19522,633,0,1975.12,60.370000000000005,876931.15,586.0
141,Gaming Love,"people, love, xbox, little, made, nintendo, mario, issue, company, make",15,0,1,40854,40854,1881,0,6724.24,389.39,2350685.8000000003,1447.0
143,Work Hours,"hour, time, driving, would, work, job, staff, crew, overtime, email",3,0,1,3768,3768,245,0,1850.3,129.3,266260.42,294.0
145,Watering Plants,"shower, water, reach, plant, snake, window, enough, large, light, flower",3,0,1,3199,3199,111,0,784.9200000000001,31.67,361595.68,294.0
146,WNBA Teams,"team, wnba, cleveland, detroit, philadelphia, year, league, five, crazy, drawer",1,0,1,2054,2054,119,0,293.43,17.0,14988.06,98.0
147,CSD Attendees,"und, ich, die, der, steht, auf, csd, sie, auch, beim",2,0,1,2532,2532,235,0,600.4,59.129999999999995,314696.54000000004,190.0
148,Awkward Jokes,"sound, make, joke, awkward, really, never, sense, end, casacree, cranak",1,0,1,570,570,55,0,285.0,27.5,79253.99,99.0
149,User MOC Instructions,"user, rebrickable, using, gogglez, mocs, instruction, lego, included, day, made",3,0,1,5959,5959,929,0,1270.53,138.60999999999999,418409.49,265.0
150,Strangers Album,"guy, little, rent, image, one, album, stranger, much, dog, day",1,0,1,1219,1219,80,0,152.38,10.0,245434.15,88.0
151,Birthday Celebration,"pride, birthday, theme, color, makeup, three, wish, year, cake, attempt",2,0,1,5191,5191,133,0,643.3299999999999,32.269999999999996,267648.42,195.0
152,Noisy Sleep Habits,"sleep, crack, cricket, starting, night, would, loud, dropped, smile, sound",4,0,1,11045,11045,1245,0,2230.85,352.3,5637425.64,376.0
154,Remembering Dad,"found, passed, away, note, raincoat, dad, memory, pair, amazing, using",7,0,1,8465,8465,588,0,1830.16,97.38000000000001,2517286.27,677.0
155,Team Communication,"call, hell, cat, around, team, earbuds, talking, message, heard, minute",10,0,1,22638,22638,1434,0,6676.11,454.77,4033563.5300000003,958.0
157,Performance Roadmap,"amp, three, canada, europe, ask, covering, anything, road, utu, performance",21,0,1,65580,65580,5373,0,12709.46,974.44,10084608.83,2000.0
158,Mobile Gaming,"inc, game, plague, mobile, even, people, hobby, almost, white, went",7,0,1,18669,18669,486,0,2511.15,76.89,3329809.97,668.0
159,Election Hacking,"machine, harris, voting, vote, recount, election, state, hacked, defcon, let",9,0,1,18302,18302,2369,0,4127.55,320.88,2593977.75,864.0
160,Vaders Redemption,"want, season, series, show, vader, make, true, even, wish, forgiven",8,0,1,23055,23055,1660,0,3964.8,290.76,554283.25,763.0
161,Proof of Concept,"proof, inc, plague, game, making, steam, mobile, report, time, started",8,0,1,24832,24832,379,0,4220.59,84.21000000000001,689974.45,787.0
162,German Parliament,"die, und, der, auf, steht, auch, bundestag, sie, csd, beim",16,0,1,47385,47385,2009,0,15646.18,702.71,6464156.13,1547.0
163,Modern Furniture,"couch, decade, regardless, pritzker, bright, predominantly, gapping, excuse, independence, dump",9,0,1,39655,39655,701,0,7824.33,176.25,4394550.37,873.0
164,Disney Pay Dispute,"pay, disney, must, case, female, employee, title, less, settlement, million",3,0,1,4644,4644,764,0,1496.07,231.43,1583532.3099999998,291.0
166,Fabric Crafting,"scale, skirt, onto, dress, used, piece, fabric, making, make, material",7,0,1,13713,13713,677,0,2011.93,117.19,541785.31,659.0
167,Pritzkers Independence,"couch, decade, regardless, pritzker, bright, predominantly, gapping, excuse, independence, dump",2,0,1,1272,1272,193,0,398.7,59.0,308969.57,193.0
168,Hilarious Moments,"funny, one, item, irl, text, way, seen, ever, name, funniest",2,0,1,8703,8703,388,0,2273.67,84.66,617132.19,193.0
169,First Drive,"national, coming, grand, first, drive, scary, speed, know, want, thing",1,0,1,457,457,20,0,152.33,6.67,158335.27,98.0
170,New Life,"der, leben, spurbar, wie, ihr, fox, euer, die, neue, jahre",3,0,1,3202,3202,147,0,884.5,40.36,2425695.11,294.0
172,LGBTQ+ Rights,"right, gay, whole, community, pride, school, police, say, carry, constitutional",2,0,1,3709,3709,188,0,713.0699999999999,33.129999999999995,444503.8,186.0
173,Artistic Improvement,"doe, art, know, anyone, really, shirt, prefer, making, improve, pixel",8,0,1,11111,11111,576,0,3034.6,301.75,1025010.6799999999,777.0
174,Unbreakable Internet,"service, internet, indestructible, upset, people, love, joy, mario, think, switch",6,0,1,6599,6599,332,0,1319.07,67.07000000000001,612634.31,586.0
176,American Healthcare,"senator, working, people, bill, cut, defense, crafted, american, healthcare, state",2,0,1,11955,11955,106,0,2899.83,25.83,639628.87,192.0
178,Nintendo Love,"people, mario, love, nintendo, little, switch, made, stick, company, feel",8,0,1,19921,19921,961,0,3639.12,192.7,2309834.27,780.0
179,Global Happiness,"world, made, everyone, posted, smile, willis, responds, show, instagram, day",28,0,1,91216,91216,6870,0,15890.5,1433.85,7870915.58,2675.0
180,Realistic Gaming,"real, life, realistic, donkers, kinda, art, style, game, world, make",7,0,1,44601,44601,530,0,4944.889999999999,74.39,257117.51,678.0
181,Marriage Tomorrow,"card, tomorrow, want, marriage, parent, feel, really, law, together, said",5,0,1,76804,76804,754,0,7069.02,89.09,4970025.319999999,488.0
182,Manchester Mondays,"instagram, monday, neighborhood, manchester, happy, think, often, day, colored, alive",14,0,1,63629,63629,5045,0,10214.97,964.19,4788088.3,1353.0
184,Local Pizza Lovers,"man, pizza, sure, lady, enjoy, guy, overheard, staff, local, pointing",3,0,1,7923,7923,138,0,1365.93,26.759999999999998,540071.65,290.0
188,Chinas Large Ekranoplan,"build, powered, honest, china, large, jet, ekranoplan, effect, ground, coastline",32,0,1,65499,65499,4480,0,15822.25,1310.67,8115570.659999999,3096.0
190,Baby Care Joy,"baby, care, favorite, elephant, joy, credit, give, dream, milk, taken",3,0,1,5044,5044,574,0,965.25,69.25,296228.19,291.0
192,Interactive Gaming,"game, screen, still, initiative, end, consumer, goal, require, european, movement",2,0,1,3278,3278,331,0,604.9200000000001,69.58,2644682.91,188.0
193,Tinkering Work,"work, status, photo, kisaragi, seems, tinkering, machine, year, something, another",18,0,1,47452,47452,3250,0,7006.55,850.41,8611463.790000001,1740.0
195,Trumps Senate Threat,"trump, president, tillis, gop, senate, sen, threat, risk, sunday, vote",5,0,1,27114,27114,2227,0,3574.7,336.39,2021728.41,473.0
196,Psychedelic Adventure,"guy, really, bro, took, told, trip, mushroom, acid, love, little",4,0,1,8694,8694,845,0,1275.8899999999999,96.5,205647.16999999998,394.0
198,Federal Workforce,"people, couch, work, treated, year, federal, rest, working, workforce, pay",1,0,1,970,970,161,0,242.5,40.25,764153.39,96.0
199,Car Warranty,"car, warranty, year, vin, dealer, salesman, factory, make, trim, dealership",1,0,1,804,804,165,0,134.0,27.5,41787.17,97.0
