topic_num,topic_label,keywords,topic_count,is_youtube,is_reddit,youtube_View Count,youtube_Like Count,youtube_Comment Count,youtube_View Velocity (Views/Hour),youtube_Like Velocity (Likes/Hour),youtube_Comment Velocity (Comments/Hour),youtube_Like-to-View Ratio (%)
0,England Cricket Highlights,"england, cricket, highlight, volleyball, team, day, india, ecb, world, ytv",19,1,0,30965829,948078,69853,281529.95,9894.98,708.55,83.46
1,Shane Dawsons Online Presence,"shane, patreon, instagram, youtu, seatgeek, rylandadams, mom, shanedawson, morgan, vickiadams",5,1,0,1173798,55557,4896,42271.52,2255.99,193.96,22.89
2,Shoreline Mafia Social Media,"wright, shorelinemafia, shoreline, twitter, whatswrightshow, mafia, instagram, facebook, nick, nba",9,1,0,3108543,180780,7625,31508.339999999997,1789.29,79.57,40.66
3,Sports Entertainment,"espn, botafogo, youtube, ufc, app, pimblett, paddy, topuria, ilium, first",7,1,0,15478920,192792,35212,383803.12,3689.1400000000003,888.35,19.44
4,Tokyo TikTok Rage,"brainrot, roblox, ich, rage, girl, steal, japan, tokyo, tiktok, bin",15,1,0,9295388,164192,14308,176842.21,2652.42,266.63,35.2
5,Social Media Influence,"coach, wall, mrbeast, tyler, twitter, instagram, facebook, heart, start, family",10,1,0,744491956,27639622,457535,3428143.33,128600.65,2218.27,49.78
6,Minecraft Influencers,"youtube, minecraft, ldshadowlady, instagram, smp, misadventure, smallishbeans, parrotx, unstable, twitter",13,1,0,6793477,330238,33326,119943.59,5661.92,607.47,65.3
7,Enchanted Sims,"sims, fairy, nature, pack, enchanted, expansion, game, sim, ailment, skill",6,1,0,5371302,148542,19806,38208.34,1409.13,150.99,32.97
8,Social Media Convergence,"sun, twitter, instagram, gero, suntv, merge, midas, nxt, serial, youtube",8,1,0,5689611,323671,17704,129187.82,6197.3099999999995,257.18,45.94
9,Social Media Presence,"instagram, facebook, official, twitter, divomovies, babymonster, igshid, divo, digital, gmail",4,1,0,4913673,406941,8860,77075.37000000001,5783.38,90.24,36.34
10,Mystery Game Secrets,"game, season, explained, squid, mimic, secret, ending, death, story, give",10,1,0,9935692,313329,23737,303460.75,12835.509999999998,502.52,28.150000000000002
11,Roblox Animation,"sprunki, content, roblox, „Çµ„Çµ„É≥„Ç™„Éº„É´„Çπ„Çø„Éº„Çπ, tvcm„ÇΩ„É≥„ÇØ, join, youtube, thank, much, animation",7,1,0,1388383,29586,2134,19427.170000000002,400.18,36.65,17.96
12,Blackpinks Next Move,"ich, blackpink, mal, berg, andrea, dann, dir, nachstes, dich, nein",10,1,0,33172621,4935827,320046,305305.12,44300.47,2857.31,129.0
13,Social Media Fun,"instagram, official, gta, tiktok, funk, facebook, youtube, play, name, twitter",4,1,0,16625400,216220,15761,163679.08,2944.5699999999997,225.51,10.399999999999999
14,Virtual Simulation,"simulator, edited, supermarket, minegirl, full, game, app, steampowered, edge, part",6,1,0,7362990,364740,24019,107514.66,5487.99,363.47,25.580000000000002
15,Car Stories,"vinwiki, car, trek, instagram, episode, ticket, que, hey, jump, sŒ±y",10,1,0,7368319,258927,24159,56381.54,1917.4299999999998,187.73,39.25
16,Social Media Music Production,"cornejo, producer, instagram, facebook, youtube, music, production, esportes, ivan, smith",5,1,0,5694022,247885,33571,127313.81,5466.26,943.47,19.86
17,MasterChef Brasil,"temp, mc_br_t, masterchef, brasil, mc_pro_t, que, sem, qualquer, uso, canal",9,1,0,6082048,161362,10587,62639.35,2000.97,126.71,30.62
18,Deep Football,"youtube, football, player, deep, program, criatura, voce, portal, college, cement",2,1,0,2552911,46964,7050,15438.1,290.72,46.199999999999996,4.46
19,Street Fighter Social Media,"streetfighter, sagat, facebook, teaser, twitter, instagram, discord, street, capcom, twitch",10,1,0,12106065,869921,63924,74949.43,4338.11,336.81,58.760000000000005
20,Social Media Growth,"instagram, electric, roblox, power, group, got, discord, garden, join, grow",11,1,0,17912630,350075,25562,177961.27000000002,2739.2999999999997,215.74,18.88
21,Kehlanis Music Journey,"kehlani, music, official, album, award, best, way, folded, lnk, atlantic",4,1,0,3292736,221116,15572,33599.36,2256.2799999999997,158.88,26.88
22,Anime Music,"music, ÈñÉÂÖâ„ÅÆ„Éè„Çµ„Ç¶„Çß„Ç§, Ê©üÂãïÊà¶Â£´„Ç´„É≥„Çø„É†, doido, ronaldo, gilmar, panda, humberto, icaro, gundam",5,1,0,3494827,101569,6015,34929.36,862.92,55.36,23.689999999999998
23,Pokemon Gaming,"pokemon, game, redmagic, youtube, instagram, best, patreon, pseudo, legendary, air",4,1,0,2059492,66895,3861,12846.7,426.32,25.38,13.77
24,Innovative Camp,"crunchlabs, camp, revolut, challenge, join, build, week, parent, prize, rule",13,1,0,5663228,253597,13782,101523.26,4679.1900000000005,259.9,61.91
26,Hot Chelsea Cup,"cup, club, chelsea, hot, one, league, youtube, world, bgx, plx",8,1,0,11977970,364951,36934,207920.64,6512.84,679.88,25.2
27,Clash Royale Battles,"battle, card, que, clan, clashroyale, arena, ela, deck, player, clash",11,1,0,5593930,94117,7241,106647.8,1804.84,145.28,17.34
28,Online Entertainment,"youtube, roblox, dazn, robros, dora, teja, sai, viraajitha, bhk, series",1,1,0,740845,11077,1929,6859.68,102.56,17.86,1.5
29,Social Media Platforms,"instagram, twitter, youtube, tiktok, ÊúùÂÄâÊú™Êù•, amazon, apps, asakuramikuruyt, mikuruasakura, „ÅØ„Åì„Å°„Çâ",8,1,0,26005376,857352,47564,183626.96000000002,6392.530000000001,354.08,33.56
30,Bigtime Park Games,"park, bigtime, note, starr, trophy, road, game, semi, release, head",4,1,0,5242022,130054,15436,39320.229999999996,1097.8799999999999,135.54,7.41
31,Haryanvi Bhole Songs,"song, nao, que, music, pra, gulshan, bholi, haryanvi, bhole, payal",8,1,0,4222918,182209,17778,28714.940000000002,1093.78,111.13,28.599999999999998
32,Social Media Influence,"jade, instagram, socialsay, tiktok, claim, ‰πÉÊú®ÂùÇ, number, fee, lnk, youtube",8,1,0,6517714,166621,4948,156465.13,3694.73,68.69,17.8
33,Parintins Festival,"noite, joao, vivo, sao, festival, arrow, bow, parintins, boi, critica",3,1,0,13289010,118498,3330,201776.22,1830.77,46.22,2.46
34,Taarak Mehtas Gada Family,"mehta, taarak, jethalal, chashmah, ooltah, gada, singh, tapu, modi, champaklal",10,1,0,57816678,2435216,70194,467163.22000000003,19600.04,568.06,35.8
35,Music Production,"anirudh, music, assistant, coolie, kumar, designer, ravichander, associate, sound, light",15,1,0,41734672,1508716,176257,437254.61,16104.37,1943.69,56.46
36,Donation Day,"day, state, youtu, donate, mai, hai, jhim, say, aankha, production",7,1,0,3603614,79402,6218,71572.23999999999,1206.19,116.22999999999999,14.51
37,Social Media Racing,"nascar, cake, pan, fake, youtu, lap, weekend, instagram, tiktok, facebook",3,1,0,814356,46440,2704,7519.05,610.88,29.4,19.01
38,Focaccia Recipes,"und, mit, focaccia, callekocht, ist, palworld, hier, oder, auch, der",19,1,0,208108248,7686043,480345,2420144.45,88858.26,5607.5199999999995,77.21000000000001
39,aespas Digital World,"aespa, dirty, work, ÏóêÏä§Ìåå, aespa_official, flamefrags, instagram, minecraft, official, youtube",8,1,0,14636460,346432,15821,281859.79000000004,5237.55,132.65,22.79
40,Cardi Bs YouTube Presence,"cardi, cardib, youtube, john, production, iamcardib, official, lastweektonight, lnk, outside",13,1,0,28314215,683769,12532,351895.66,8007.69,134.92000000000002,41.46
41,Social Media Music,"youtube, zee, ishowspeed, instagram, song, youtu, join, music, barot, rakesh",2,1,0,10077308,397269,37284,47171.66,1886.08,176.07,10.120000000000001
42,Power of Love,"poder, amor, teu, sarah, beatriz, musile, que, power, love, pelo",7,1,0,37529414,842819,51998,758496.97,17070.9,1057.15,15.74
43,Social Media Cooking,"nick, feastables, digiovanni, instagram, youtube, chef, thanks, custom, partner, mrbeast",15,1,0,23727099,323935,30528,424941.58999999997,5787.65,562.3,22.240000000000002
44,Football Championships,"dazn, fifa, cup, world, club, league, sport, football, xxl, champion",7,1,0,2617938,194884,7519,36764.89,2770.8,108.13,50.76
45,Minecraft Gaming,"halle, minecraft, und, dortmund, die, fur, auf, game, ihr, oldtimer",18,1,0,107756310,1159687,70127,1459771.06,15655.35,946.6700000000001,21.86
46,Roblox Band Merch,"bandites, roblox, pro, discord, using, group, music, code, software, merch",3,1,0,494609,12123,2413,5228.389999999999,124.53,21.48,7.65
47,NRGKICK on YouTube,"die, youtube, nrgkick, ihr, und, ist, mit, aral, hier, donos",8,1,0,9106972,285501,14173,46983.36,1429.6,72.33,32.21
48,Social Media Personalities,"instagram, que, twitter, felipe, meu, vivo, rodrigues, por, nao, centralcee",2,1,0,1652698,19206,3653,31413.14,395.94,80.81,2.4699999999999998
49,Social Media Influencers,"tiktok, instagram, luv, volbic_xx, mei_asami_, twitter, uran, tokio, ÊµÖË¶ã„ÇÅ„ÅÑ, crazymagnet",8,1,0,11449473,405715,32975,175655.81,6470.78,438.49,27.7
50,Telugu Movie Reviews,"movie, kannappa, review, telugu, vishnu, manchu, prabhas, taspio, youtu, instagram",7,1,0,2169645,107335,8100,28581.100000000002,1165.07,88.41,40.33
51,Social Media Music,"instagram, ian, music, thefatrat, official, listen, shut, tinyurl, ffm, tiktok",4,1,0,69449212,1886340,96462,337722.5,8887.82,489.26,7.74
52,Iranian Missile Production,"iran, state, anirudh, vijay, bbc, qatar, thalapathy, production, missile, ravichander",1,1,0,242928,9006,1294,1943.42,72.05,10.35,3.71
53,Music Influencers,"youtube, „Éí„É´„Éà, pinfluences, symphonygenshin, music, join, ijfhrpxb_jt, mgzmjgva, dvp, Ê∫∂Â≤©„ÅÆÈæçÂÉè",5,1,0,3973093,156596,8128,44134.53,1984.74,100.38,21.259999999999998
54,Road Love,"highway, bigxthaplug, road, shaboozey, take, minute, feat, love, swear, long",6,1,0,3440391,154593,8567,21616.1,943.3699999999999,55.36,26.94
55,Social Media Influencers,"papaplatte, instagram, twitter, ira, israel, onerb, cessar, trump, fogo, creativesquad",9,1,0,9301485,556658,43380,104746.75000000001,6431.99,483.90999999999997,59.35
56,Surviving Love,"survive, lewiscapaldi, god, swear, gonna, sometimes, last, long, got, give",5,1,0,3934738,75084,3106,32275.489999999998,468.51,24.240000000000002,9.61
57,Social Media Influencers,"instagram, youtube, twitter, rof, dmax, nijisanji, panther, tiktok, Êóßtwitter, ÂÄã‰∫∫„ÉÅ„É£„É≥„Éç„É´",7,1,0,7544942,292812,18728,64722.81999999999,2932.82,178.47,23.28
58,Social Media Trends,"instagram, tiktok, youtube, nrl, marouge, cano, natanael, totsuzen_uranai, tver, „Åï„Çâ„Å´",6,1,0,53480731,3626902,176568,216706.18,14791.08,760.65,45.18
59,Katseye Productions,"katseye, smash, director, lnk, youtube, gabriela, katseyeworld, andrew, production, official",9,1,0,4816707,130865,10811,84415.2,2153.33,194.3,37.52
60,Gaming Hotels,"hotel, plus, playstation, instagram, julho, fighter, galleria, „Éà„Ç∑„É£„Éº„Çπ, youtube, jogos",3,1,0,2628783,50148,3957,47067.53,1057.35,86.07,9.31
61,Social Media Influencers,"twitter, instagram, facebook, youtube, spotvnow_jp, divo, ŸÉÿ™ÿ®Ÿà, ŸÅŸäŸÉŸä, wael, waelkfoury",10,1,0,44612877,2543977,97631,841468.59,48102.74,1830.35,59.46
62,Demon Slayer Saga,"demon, hashira, slayer, corp, tanjiro, crunchyroll, castle, infinity, battle, movie",9,1,0,8188588,673840,49233,182397.31,17163.55,1270.09,70.86
63,Social Media Influencers,"honkaistarrail, tiktok, instagram, phainon, hoyolab, discord, facebook, reddit, light, crown",9,1,0,39792995,1159956,42524,358018.14,10052.24,381.53000000000003,20.599999999999998
64,Idol Culture,"idol, one, cuz, clip, keeping, listen, know, save, wild, imma",2,1,0,654026,3839,367,8922.23,56.03,5.54,1.37
65,Morning Lunch Routine,"lunch, pressure, stainless, steel, box, morning, theindusvalley, vlog, product, routine",10,1,0,13005674,713331,39364,90455.44,6991.049999999999,414.16,82.28
66,Stray Kids Love,"hyunjin, official, lnk, love, deadline, featuring, always, kid, stray, instagram",1,1,0,101729,6180,436,2825.81,171.67,12.11,6.07
67,Mercedes AMG Turbo,"amg, sowie, bei, turbo, wir, auf, mercedes, der, und, dem",13,1,0,11489819,446848,9417,344983.09,14424.59,282.46000000000004,51.65
68,Savings App,"scump, app, cash, twitter, saving, bank, scuf, code, provided, interest",7,1,0,3023989,177465,10769,26479.19,1732.58,106.42,38.25
69,Colorful Performances,"color, talent, got, show, lnk, clipse, stage, youtube, music, list",10,1,0,25395829,672851,66860,189013.19,4188.17,420.04999999999995,22.89
70,Social Media Myths,"heart, instagram, que, nao, myth, mario, facebook, twitter, mediamasons, scary",7,1,0,12111401,130443,16640,194364.12,1823.77,255.04,9.55
71,Venus Flytrap Merch,"venus, thanks, also, fly, flytrap, tested, black, widow, youtube, merch",11,1,0,5910539,173465,10919,31499.42,928.07,63.5,34.83
72,Social Media Influencers,"instagram, youtube, twitter, tiktok, joe, overwatch, twitch, hana, acelerados, facebook",12,1,0,7960622,160070,10794,182646.04,3336.29,266.41,24.31
73,Chelsea Football Club,"club, cup, chelsea, youtube, league, world, plx, bgx, list, uefa",7,1,0,9677906,498574,17375,361233.87,17963.45,640.78,39.75
74,Budget Car Shopping,"car, rsc, shopping, budget, beta, tool, hwbt, salvage, making, veigh",13,1,0,11927994,499973,25079,400698.46,17457.739999999998,889.08,53.48
75,Teen Social Media Dare,"jesse, westengw, code, jessejameswest, instagram, snapchat, dare, game, vogue, teen",15,1,0,101542922,2930170,81438,655452.02,20501.8,576.96,74.9
76,K-Pop Demons,"demon, kpop, hunter, sony, sonyanimation, animation, official, kim, dontoliver, produced",5,1,0,1766682,108309,2944,16969.61,1039.27,28.650000000000002,29.85
77,Tokyo Host Culture,"„Åà„Åµ„Çä„Å¶„ÅÑ„Éõ„Çπ„Éà, È¨ºÈæçÈô¢Áøî, „Åì„Å®„ÅÜ„Å´„ÇÇ, „Åà„Åµ„Çä„Å¶„ÅÑ„Éõ„Çπ„ÉàË£Ω‰ΩúÂßîÂì°‰ºö, ebuhosu_anime, tokyo, everydayhost, „Åà„Åµ„Éõ„Çπplayers, mundial, line",10,1,0,13044741,599057,35283,302893.61,11427.630000000001,852.87,46.43
78,Star Reaction,"instagram, honkaistarrail, lord, ravager, code, much, twitter, trailer, reaction, star",16,1,0,96360932,2229342,59586,2485692.28,55369.12,1704.0,35.28
79,Social Media Race,"formula, mrbeast, facebook, instagram, twitter, race, discord, win, dramatic, early",19,1,0,14691834,492606,110896,348266.11,10957.619999999999,3897.85,66.62
80,Social Media Influencers,"instagram, youtube, tiktok, cdl, twitter, codleague, claim, emi, straight, lovecommanectar",7,1,0,13146914,241194,19883,97783.88,2176.24,170.77,24.29
81,Social Media News,"instagram, die, mlb, facebook, youtube, twitter, theflightmike, hier, mit, dem",10,1,0,4957069,149554,12481,53695.8,1550.19,112.11,29.54
82,YouTube Producer,"youtube, list, plmjupo, bjw, producer, twitter, kaha, first, trailer, erik",12,1,0,8276302,473730,30132,80521.09,4183.3099999999995,260.75,65.64999999999999
83,Social Media Love,"dougdoug, girl, laufey, youtube, twitter, lover, love, edited, plztxt, list",6,1,0,4701397,43399,4444,66419.51,602.83,59.8,6.16
84,Social Media Culture,"instagram, worldathletics, sprunki, tiktok, city, eater, nature, gametoons, gray, factory",4,1,0,2073636,35271,1966,16156.66,522.73,28.66,14.11
85,Top Talent Auditions,"talent, audition, top, agt, got, last, american, idol, show, piece",9,1,0,16771478,826811,31849,123155.23999999999,5985.71,229.64,43.98
86,Famous Dance Project,"allday_project, project, allday, famous, alldayproject, dance, practice, youtube, facebook, instagram",21,1,0,25975916,776909,47321,252354.0,7763.84,419.47,70.49
87,Social Media Influencers,"instagram, youtube, mancity, city, twitter, cup, group, tiktok, haaland, guy",2,1,0,710282,15157,2277,11116.349999999999,303.56,56.19,4.53
88,Social Media Marketing,"ringlife, code, rabatt, auf, mit, instagram, bei, oktagon, youtube, rtl",13,1,0,17044672,777258,52795,159808.59,6684.28,457.82,52.43
89,Spicy Comedy,"hot, one, comedy, wilson, sign, wing, firstwefeast, hotones, sauce, spicy",4,1,0,1517792,59964,2580,29895.93,1184.61,47.879999999999995,15.329999999999998
90,Jojos Bizarre Adventure,"instagram, „Ç∑„Éß„Ç∑„Éß„ÅÆÂ•áÂ¶ô„Å™ÂÜíÈô∫, jojo, vision, bonez, penne, streamen, nichts, official, hier",5,1,0,1608655,102277,8580,69486.67,4102.24,357.03999999999996,27.72
91,Roblox Shenanigans,"roblox, yuta, twice, shenanigan, jujutsu, twitter, official, game, discord, moveset",1,1,0,234182,9278,561,1873.46,74.22,4.49,3.96
92,Warframe Media,"warframe, playwarframe, gameplay, isleweaver, instagram, twitter, tiktok, trailer, facebook, duviri",8,1,0,2356772,187178,10766,19098.11,1551.23,86.07,9.6
93,Unbreakable Love,"love, make, cant, faith, instagram, never, every, mile, leave, june",17,1,0,32972553,1281391,62099,430217.23,16748.210000000003,695.03,64.91
94,Social Media Maze,"instagram, twitter, maze, alena, joe, family, problem, project, famous, allday",1,1,0,163753,17008,8459,2126.66,220.88,109.86,10.39
95,Ultimate Crate,"bizon, spectral, byte, level, skin, crate, set, spin, ultimate, got",9,1,0,6615741,162403,6790,74494.14,1779.6000000000001,76.18,35.5
96,Free Fire Gaming,"fire, youtube, garena, diamond, top, game, enaldinho, max, canal, freefire",8,1,0,3207592,182221,7886,30382.13,1584.56,67.91,42.120000000000005
97,Social Media Influencers,"manchild, sabrina, lnk, carpenter, que, facebook, instagram, tiktok, scene, behind",6,1,0,3369796,150289,16711,51232.62,1968.19,199.63,27.28
98,Monster Hunter Series,"youtu, monster, wild, hunter, monsterhunter, series, chinese, facebook, title, weapon",3,1,0,2565228,120986,8561,55349.18,2773.53,193.42,10.72
99,Divine Fire,"pra, pede, gospel, fogo, deus, enche, azeite, esta, subir, bencao",20,1,0,14837426,537205,65352,193559.93000000002,6717.01,808.4,98.71
100,Social Media Gaming,"banban, instagram, discord, babish, twitter, steampowered, app, tiktok, play, game",9,1,0,54506653,1107560,60372,456404.04,12088.46,863.76,27.26
101,Social Media Influencers,"que, grox, papasito, twitch, karolg, clubes, copa, tiktok, instagram, quiero",9,1,0,3984484,165883,12396,42029.82,2050.21,143.86,41.839999999999996
102,Social Media and Health,"instagram, twitter, adipositas, von, route, end, dylan, mondly, article, tiktok",7,1,0,3415404,117634,13267,38680.799999999996,1113.7,132.28,25.06
103,Social Media Influence,"der, youtube, instagram, die, und, thyview, redmi, den, facebook, pro",8,1,0,11730576,419360,21156,175401.83,4238.29,183.07,29.54
104,Taarak Mehta Show,"chashmah, show, mehta, ooltah, taarak, episode, last, sky, sab, youtube",6,1,0,7499178,253237,8364,114545.37999999999,3349.24,49.78,38.61
105,Social Media Trends,"instagram, txt, tiktok, flamengo, twitch, music, ÁÑ°ÈôêÂüéÁ∑®, È¨ºÊªÖ„ÅÆÂàÉ, twitter, Ìà¨Î™®Î°úÏö∞Î∞îÏù¥Ìà¨Í≤åÎçî",4,1,0,4720554,165101,6697,36051.89,1569.89,55.51,21.37
106,Social Media Beverages,"repo, yakan, „ÇÑ„Åã„Çì„ÅÆÈ∫¶Ëå∂, mugicha, youtube, instagram, facebook, line, cola, coca",8,1,0,6835121,183285,12246,135677.51,3826.93,469.95000000000005,20.39
107,Social Media Influencers,"calfreezy, instagram, episode, miss, anything, twitter, kinigradeon, youtu, revolut, twitch",10,1,0,7744019,189875,10257,132539.55,2843.12,152.7,28.56
108,Bhad Bhabie Social Media,"music, bhadbhabie, twitter, instagram, facebook, bhad, bhabie, youtu, john, cena",1,1,0,81671,1834,311,400.35,8.99,1.52,2.25
109,Motorsport Magazine,"magazin, motorsport, die, und, mit, motogp, icon, marquez, flaticon, fan",10,1,0,28356961,797128,49576,260803.09,7538.34,477.26000000000005,36.58
110,Gabis Online Presence,"alli, gabibelle, gordon, itsgabibelle, ramsay, spotify, twitter, gabi, bombas, patreon",9,1,0,12013655,511517,87272,83179.6,3611.42,604.81,41.32
111,Complete Music Course,"value, music, beato, eric, jason, complete, course, „É©„Ç§„Éï, matthew, alexander",12,1,0,5733304,134250,8475,75846.01999999999,1725.01,177.6,33.9
112,Gaming Community,"player, bar, week, youtube, opponent, azki, note, mod, pokemongo, hololivepro",14,1,0,53180408,5414202,359608,619821.02,64575.8,4330.64,126.49
113,Creative Production,"katseye, katseyeworld, director, instrumental, official, youtube, lnk, soundcloud, creative, production",3,1,0,1233603,17658,11637,18690.96,267.54,176.31,4.29
114,Boxing Hub,"fight, terence, fighthubtv, instagram, youtube, twitter, boxing, hub, list, pl_",9,1,0,6136749,302616,21463,95501.08,5147.33,347.57,53.54
115,Power Grid,"amzn, grid, para, boot, power, milwaukee, opera, building, nao, west",23,1,0,63786226,1717206,117664,531833.63,14327.13,1012.66,53.49
116,Social Media Entertainment,"instagram, marvel, youtube, tiktok, blazer, facebook, trailblazer, theater, trail, first",9,1,0,11278601,264439,34024,156012.15,3759.36,472.11,24.540000000000003
117,Afghan Cuisine,"usd, afn, salt, amzn, food, afghan, red, masala, served, dough",3,1,0,5966956,58307,5966,62895.14,625.4,53.9,11.08
118,Creative Production,"sevdaliza, producer, production, artist, department, creative, assistant, stylist, executive, seed",3,1,0,1603349,64627,2647,7391.76,288.08,12.78,10.530000000000001
119,German Articles,"und, der, die, ein, fur, mit, ist, eine, auf, von",3,1,0,12966244,76595,5983,101304.77,765.18,50.09,3.66
120,Bot Production,"mussa, bot, lakshmi, cregger, zach, behind, mussarela, august, weapon, production",2,1,0,5065338,192721,14051,28095.5,1135.01,98.22999999999999,7.68
121,Dance Studio,"studiochoom, dance, illit, ÏïÑÏùºÎ¶ø, studio, youtube, instagram, facebook, choom, Í≥†ÏñëÏù¥",11,1,0,25315852,501788,69152,267336.44,6411.98,1163.2,25.919999999999998
122,Social Media Influence,"maxthemeatguy, youtube, viall, apple, twitter, podcast, grammarly, brisket, listen, snapchat",13,1,0,109746528,2127206,135507,1097467.97,21972.2,1383.76,56.3
123,VFX Production Team,"vfx, production, producer, sharma, bal, karan, aujla, kapoor, rupan, katseye",7,1,0,14143908,1162048,87444,220552.34,23506.88,1759.24,48.15
124,Patreon Mission,"helluva, bos, que, patreon, mission, orphan, voce, ser, era, direcao",11,1,0,47675951,283773,18035,482078.88,3035.18,159.29,36.33
125,Social Media Entertainment,"instagram, focusfeatures, twitter, facebook, phoenixsc, minecraft, bugonia, bugoniafilm, twitch, alien",10,1,0,3213076,179627,9569,39143.05,2608.12,132.06,62.300000000000004
126,Influencer Lifestyle,"shopmy, alexandragater, lilsimsie, code, alexandra, instagram, use, collection, twitch, tiktok",2,1,0,2712998,146898,3667,31168.829999999998,1531.65,39.56,12.6
127,Social Media Content,"youtube, instagram, facebook, oficial, use, copyright, thugesh, traitor, pod, poddelas",5,1,0,5530362,133905,7057,107911.31999999999,2005.56,78.92,9.07
128,Social Media Influencers,"tellyreporter, claro, prime, sakurazaka, instagram, Ê∏ØÂå∫„Éè„Çª„É™, raj, director, facebook, clarobrasil",10,1,0,6405092,251320,14613,63393.75,2309.48,163.54,36.43
129,Social Media Trends,"instagram, twitter, tiktok, onion, gzuz, wetter, youtube, mirate, line, knack",13,1,0,4729140,118120,7713,66354.45999999999,1780.57,96.95,37.88
130,BBC Glastonbury Performance,"bbc, glastonbury, arcsystemworksu, sound, full, iplayer, performance, manetikin, system, arc",4,1,0,845136,68707,3724,29142.64,2369.21,128.4,32.52
131,YouTube Tools,"youtu, robbylayton, robby, tool, layton, matt, full, collection, power, road",5,1,0,975401,65226,13982,14358.17,1189.29,159.7,33.75
132,Kountry Comedy,"wayne, kountrywayne, facebook, instagram, tiktok, tour, skit, merch, colley, kountry",7,1,0,10911354,169314,12860,104411.79,2445.99,191.66,25.89
133,Social Media Evolution,"asistanƒ±, instagram, shiny, youtube, twitter, pokemon, discord, change, color, based",6,1,0,2344663,139999,6051,69402.13999999998,4362.57,182.14,30.03
134,YouTube Rescue Series,"youtube, use, series, morr, rescue, utm_source, utm_medium, utm_campaign, facebook, code",10,1,0,5653361,163267,13408,75254.91,2139.44,201.25,26.0
135,Tennis Business,"tennis, die, atp, sock, youtube, und, der, auf, business, discord",5,1,0,4754057,119370,17316,33689.61,1070.67,414.41,15.799999999999999
136,Social Media Beauty,"rezard, pottstown, hikaru, youtube, instagram, „Ç™„É≥„É©„Ç§„É≥„Çµ„É≠„É≥, team, sure, beauty, make",8,1,0,14075291,117228,82761,88748.64,1941.3400000000001,449.87,34.300000000000004
137,Anniversary Fire,"event, fire, anniversary, kaise, today, tung, instagram, kare, magic, cube",3,1,0,1408433,58660,3197,16975.37,928.96,47.019999999999996,17.63
138,Social Media Influencers,"„Å®„Å¶„Å®, Á¨ë„Ç•„Åõ„Åá„Çã„Åô„Åæ„Çì, assistant, instagram, garcia, pablo, „Éà„É©„Éû, „ÅÇ„Åä„ÅÑÊúù„Åü„Å≠, „ÅÇ„Åó„Åä„Å®, „Åù„ÅÜ„ÇÑ„Å£„Å¶„ÅÑ„Å§„Å¶„ÇÇ",6,1,0,6079806,180124,12067,97726.97,2745.94,204.97,18.21
139,Social Media Influencers,"childhood, bought, discontinued, youtube, product, tiktok, instagram, hopescope, treat, „Çπ„Çø„Éº„É¨„Ç§„É´",6,1,0,6804381,316915,11615,96357.95,4592.7,184.29,33.39
140,Social Media in Soccer,"palmeiras, instagram, coletiva, facebook, clubes, fifa, copa, mundo, tiktok, twitter",5,1,0,2639801,97781,7355,41768.07,2130.6099999999997,116.51,17.64
141,Social Media Influencers,"instagram, santosfc, „Ç≠„É≥„ÇØ„Çø„É†, „Éè„Éº„ÉÑ, nader, cry, santos, louisa, jennie, „ÉÜ„Ç£„Çπ„Éã„Éº",12,1,0,7696156,215599,19812,146022.93000000002,4521.98,373.17999999999995,32.2
142,Social Media Influencers,"instagram, youtube, twitter, rider, kontra, music, tiktok, hand, arena, snapchat",8,1,0,6044196,122574,24229,145327.48,3230.77,708.17,16.96
143,Virtual Gaming Community,"roblox, forsaken, virtual, game, member, doe, discord, working, well, avatar",7,1,0,12187148,613266,21434,86128.65,4420.24,157.16000000000003,36.39
144,Social Media Music,"smii, youtube, romeo, twitter, music, dovecameron, artist, instagram, tiktok, character",4,1,0,749252,41524,2604,7331.75,383.67999999999995,23.09,19.48
145,Social Media Influencers,"instagram, west, tiktok, label, elov, dave, themixbywirally, facebook, official, producer",5,1,0,2191324,29431,1213,15106.07,216.08,6.47,6.890000000000001
146,German Sports Highlights,"sky, sport, zly, auf, deutschland, highlight, und, mit, instagram, app",5,1,0,1754814,61982,17487,12656.009999999998,460.8,129.07,16.49
147,Democratic Victory,"victory, primary, democratic, mamdani, zohran, licensing, mayoral, full, city, claim",20,1,0,89172531,1924620,160850,2306871.92,50614.84,4179.02,48.660000000000004
148,UFC Social Experience,"ufc, instagram, ufcfightpass, facebook, twitter, official, fight, ppv, social, experience",5,1,0,3352458,78502,1063,44075.66,1748.4599999999998,55.7,14.52
149,Vetrimaarans Movie Launch,"parandhu, launch, movie, trailer, audio, speech, instagram, vetrimaaran, cinema, director",1,1,0,261274,5929,586,4750.44,107.8,10.65,2.27
150,Social Media Trends,"youtu, youtube, instagram, tiktok, twitter, Êùæ‰∏ãÂÆ£Â§´, „ÇíÊ§úË®º, neve, miami, inter",12,1,0,43096597,2518948,110984,623839.24,37023.9,1654.73,73.17
151,Next Years Circus,"next, special, digital, hotel, instagram, year, american, circus, back, day",13,1,0,2352471,96749,8820,52348.17,2775.1000000000004,309.21000000000004,70.91
152,Minecraft Television,"kutv, der, hermitcraft, und, die, minecraft, auf, instagram, iran, television",6,1,0,6892164,177201,9624,98287.23,3002.11,168.13,16.44
153,Indie Panel Highlights,"fancode, instagram, indie, west, australia, panel, aashish, highlight, shamar, joseph",6,1,0,2260714,87532,12202,52070.33,2975.21,494.63,29.81
154,Building a Pond,"youtu, adding, day, pond, build, water, fish, bass, filling, part",6,1,0,3431083,173697,20092,25566.589999999997,1468.0700000000002,193.07,32.589999999999996
155,YouTube Product Launch,"youtu, product, blog, part, plushie, trailer, wait, sponsor, wanted, testing",5,1,0,970751,19706,1219,10481.01,187.86,12.9,10.69
156,Twitter Music Videos,"twitter, espirito, todah, vem, como, fogo, youtube, que, todahmusic, rocha",3,1,0,21902005,429885,111054,119897.72,2338.12,603.24,6.859999999999999
157,Pra Senhor,"pra, dependente, que, sou, music, nathuniya, cancao, tua, senhor, meu",1,1,0,201246,5255,322,1597.19,41.71,2.56,2.61
158,Social Media Influencers,"twitter, youtube, instagram, tiktok, Êóßtwitter, dokuota_akkie, sirows, join, dokuota, akkie",6,1,0,1821878,94220,6812,17928.26,998.06,57.72,36.629999999999995
159,Social Media Influencers,"instagram, morike, gewinnt, meu, wer, haftbefehl, yakary, blogueirinha, spa√ü, jetzt",13,1,0,19281760,219978,11734,210211.47,2354.89,129.42,14.84
160,West Indies Cricket,"highlight, west, indie, day, australia, test, windies, interview, team, keep",1,1,0,4205587,105993,2891,39304.55,990.59,27.02,2.52
161,Bollywood Announcement,"devgn, ajay, arora, thakur, announcement, kumar, official, vijay, july, mrunal",9,1,0,7557103,273717,12083,92504.86,3157.13,130.67,33.6
162,Social Media Influencers,"instagram, youtube, und, official, music, twitter, linktr, production, tech, tiktok",1,1,0,245284,1834,759,2358.5,17.63,7.3,0.75
163,Family Entertainment,"„ÉØ„É≥tv, Ê†ºÈóòÊäÄ„Ç®„É≥„Çø„É°ch, „Ç≥„Ç§„Ç±, familytimeft, instagram, ÂâçÁ∑®„ÅØfamilytimeft, „Çí„Åõ„Å≤„ÅìË¶ß„Åè„Åü„Åï„ÅÑ, „Å¶„ÉÅ„Çß„ÉÉ„ÇØ, Âπ≥Êú¨ËìÆ„ÅãÊúùÂÄâÊú™Êù•vs„ÇØ„É¨„Éò„É´, hid",2,1,0,488460,10624,743,9407.58,277.55,20.21,3.58
164,Social Media Recipes,"receitas, pipoca, ate, leite, instagram, seikintv, ninho, agua, para, tiktok",11,1,0,3422499,148650,12817,56970.83,3425.15,268.41,57.01
165,Social Media and Gaming,"england, twitter, twitch, instagram, final, euro, facebook, elliott, tiktok, game",9,1,0,9218909,472481,32166,101747.78,5646.360000000001,365.51,48.37
166,Social Media Gaming,"any_austin, kart, bsky, instagram, mario, world, tiktok, patreon, twitch, anyaustin",1,1,0,312399,867,403,1244.62,3.45,1.61,0.28
167,Followership and Direction,"und, auf, von, die, der, hier, alle, fur, folgen, euch",13,1,0,10701412,553109,53650,166873.57,10643.96,1126.07,60.4
168,Social Media Creators,"tiktok, instagram, dodgeball, dream, league, creator, team, creatorleague, facebook, phillips",8,1,0,5836338,120472,9558,76753.45,1451.92,165.21,23.93
169,Speedrunning Culture,"eazyspeezy, kindergarten, speedruns, twitter, instagram, youtube, game, speedrun, dark, speedrunning",12,1,0,33398891,2351333,145721,340744.16,24007.730000000003,1490.5300000000002,66.0
170,YouTube Sensation,"pewdiepie, tamil, saily, youtube, went, official, tiktok, mail, kid, kinki",11,1,0,46424758,435813,21568,575516.01,14883.19,602.07,18.02
171,Social Media Entertainment,"instagram, roofmanmovie, stitch, facebook, roofman, paramount, roblox, tiktok, twitter, youtube",4,1,0,4261927,157735,6327,41470.39,1509.67,57.66,24.22
172,Social Media Tour,"instagram, youtube, first, tour, worldtour, official, cho, ver, lnk, ùêåùêÆùê¨ùê¢ùêú",8,1,0,3058297,77006,4303,49009.579999999994,1092.33,77.95,28.47
173,Social Media Secrets,"ÁúüÁõ∏„Çí„ÅäË©±„Åó„Åó„Åæ„Åô, instagram, shinso_movie, apple, twitter, youtube, glitzvisionusa, ËèäÊ±†È¢®Á£®, Â§ßÊ£ÆÂÖÉË≤¥, facebook",7,1,0,7495482,288890,63778,52515.36,1847.1999999999998,368.79,17.580000000000002
174,Social Media Gaming,"youtube, list, instagram, muzo, facebook, ÿßŸÜÿß, game, efwhs, letsgameitout, teddy",6,1,0,4880924,300242,21685,41558.24,2554.85,184.02999999999997,36.21
175,Gaming Reviews,"cinemassacre, avgn, amzn, game, metroid, james, ray, simplisafe, blu, twitter",8,1,0,14544582,237597,16296,181931.72,3038.3,221.82,16.77
176,Lucas Instagram Content,"conteudo, rosa, laserluca, instagram, entretenimento, luca, dosrosaof, grupodosrosa, wird, manisharani",3,1,0,3017037,195862,9454,24356.93,1447.33,80.37,18.32
177,Social Media Production,"instagram, ssio, reaction, production, director, assistant, producer, artist, oder, und",7,1,0,42464320,20819,29912,249356.5,343.63,180.59,4.96
178,Pop Photoshoot,"wicked, pop, photoshoot, take, shot, allday_project, flick, allday, project, snap",2,1,0,611989,28507,608,4393.1900000000005,220.72000000000003,4.68,9.68
179,Music Promotion,"m„Çπ„ÉÜ, green, twitter, instagram, line, mrsgreenapple, music, breakfast, ex_musicstation, musicstation",13,1,0,19630749,1227118,60193,175680.72,10889.68,527.0,85.44
180,Social Media Seduction,"tweet, thirst, red, youtube, post, seventeen, sexy, lfc, production, vernon",5,1,0,2461728,20939,1427,33331.83,251.84,16.09,3.92
181,Worst Business Experiences,"business, worst, ever, tried, day, mail, every, fair, comment, inquiry",12,1,0,37845782,2362696,134542,452454.47,27594.99,1585.56,82.03999999999999
182,Set Assistant,"set, ooh, rose, carpenter, grip, assistant, way, mind, maybe, alex",12,1,0,11327935,759530,32100,112995.93,7488.7300000000005,279.36,76.86
184,Social Media and Gaming,"koenigsegg, instagram, spear, funk, sadair, killdozer, tiktok, youtube, track, gaming",4,1,0,6617736,110714,7172,95909.2,1604.55,103.96,6.68
185,Social Media Secrets,"instagram, twitch, tiktok, secret, use, youtube, gabibelle, twitter, music, que",11,1,0,5250436,172068,21351,76196.91,2325.02,301.53,34.410000000000004
186,Basketball Challenges,"jesser, basketball, bucketsquad, instagram, youtu, challenge, compete, squid, game, twitter",8,1,0,10611957,191623,12534,178359.7,2955.1099999999997,208.18,20.400000000000002
187,Sky Sports Coverage,"sport, sky, lion, skysports, schaffrillas, rugby, michael, frontal, red, instagram",13,1,0,15563530,524632,30428,144545.77,6767.84,318.3,55.019999999999996
188,Social Farming,"day, hay, hayday, facebook, instagram, twitter, never, code, farm, crop",4,1,0,1167121,69288,5288,25936.03,1539.73,117.52,23.76
189,Social Media Ambition,"instagram, ambitionstrikes, champ, code, muse, facebook, mebius, casper, mein, amo",3,1,0,1158896,49712,2096,6385.01,264.17,11.35,8.629999999999999
190,FNAF Music Licensing,"fnaf, world, music, lickd, chapter, har, freddy, stock, licensed, youtube",4,1,0,3048045,151362,4944,34299.01,1462.52,46.84,23.990000000000002
191,Creative Music Supervision,"riot, ela, creative, nao, pai, play, supervision, music, instagram, botafogo",11,1,0,6442186,358479,15464,61504.28,3231.8199999999997,155.29999999999998,49.96
192,Social Media Influencers,"instagram, youtube, manualdomundo, song, mangli, direcao, jan, schlappen, den, krankenkasse",8,1,0,3648902,41948,16602,95682.81999999999,1146.72,466.46999999999997,7.33
193,Instagram Production,"instagram, renee, rapp, reneerapp, production, grip, director, stylist, alexandra, shipp",8,1,0,7582186,170923,16472,41249.48,917.22,100.11,18.61
194,Sports Media,"espn, youtube, ufc, australia, nba, espnausnz, highlight, facebook, twitter, instagram",5,1,0,2667972,42841,4811,91894.26,1460.59,129.85,8.26
195,Social Media Platforms,"que, tiktok, instagram, para, canal, facebook, cnnbrasil, inscreva, twitter, redes",3,1,0,2312298,96434,11413,17122.04,514.4100000000001,60.86,8.49
196,Streaming Sports,"die, dazn, und, auf, der, mit, youtube, ist, hier, funk",7,1,0,6318578,253291,14187,136213.39,6709.27,333.90999999999997,39.68
197,Social Media Influencers,"instagram, twitter, youtube, tiktok, e_c_omori, saito_, „Éºtiktok, „Éºtwitter, „Éºinstagram, thanks",3,1,0,2572884,107558,7730,18240.54,713.0699999999999,57.230000000000004,11.9
198,Social Media Marketing,"offer, instagram, agt, franchise, llc, jbm, facebook, twitter, sale, information",3,1,0,7615540,144254,9441,59173.42,1594.46,94.99,9.04
199,Team Collaboration,"team, daisuke, youtube, vitality, sky, join, piece, instagram, jogo, xm_bpn",13,1,0,32842284,915241,110134,435950.18,9458.0,1397.69,42.36
